"Status","Name","Adv","Date","Key","Lat","Lon","Wind","Gust","Pressure","PosAcc","FwdDir","FwdSpeed","Eye"
"SUBTROPICAL STORM","ALEX","1",2016-01-13 21:00:00,"AL012016",27.1,-30.8,45,55,990,25,55,12,NA
"SUBTROPICAL STORM","ALEX","2",2016-01-14 03:00:00,"AL012016",28.7,-30,50,60,988,25,35,15,NA
"SUBTROPICAL STORM","ALEX","3",2016-01-14 09:00:00,"AL012016",30.1,-29.3,60,75,984,25,20,16,15
"HURRICANE","ALEX","4",2016-01-14 15:00:00,"AL012016",31.5,-28.4,75,90,981,20,20,17,15
"HURRICANE","ALEX","5",2016-01-14 21:00:00,"AL012016",33.6,-27.8,75,90,981,20,15,20,20
"HURRICANE","ALEX","6",2016-01-15 03:00:00,"AL012016",34.7,-27.6,70,85,984,20,10,19,NA
"HURRICANE","ALEX","7",2016-01-15 09:00:00,"AL012016",36.8,-27,65,80,986,20,5,20,NA
"TROPICAL STORM","ALEX","8",2016-01-15 15:00:00,"AL012016",39.3,-27,60,75,986,20,360,24,NA
"POST-TROPICAL CYCLONE","ALEX","9",2016-01-15 21:00:00,"AL012016",43,-27.8,60,75,986,30,350,35,NA
"TROPICAL DEPRESSION","TWO","1",2016-05-27 21:00:00,"AL022016",28.5,-74.7,30,40,1009,25,300,11,NA
"TROPICAL DEPRESSION","TWO","2",2016-05-28 03:00:00,"AL022016",29,-75.9,30,40,1009,25,300,10,NA
"TROPICAL DEPRESSION","TWO","3",2016-05-28 09:00:00,"AL022016",29.9,-77,30,40,1009,25,315,12,NA
"TROPICAL DEPRESSION","TWO","4",2016-05-28 15:00:00,"AL022016",30.3,-78.5,30,40,1009,20,310,11,NA
"TROPICAL STORM","BONNIE","5",2016-05-28 21:00:00,"AL022016",31.1,-79.4,35,45,1008,20,320,9,NA
"TROPICAL STORM","BONNIE","6",2016-05-29 03:00:00,"AL022016",31,-79.5,40,50,1008,20,360,0,NA
"TROPICAL STORM","BONNIE","7",2016-05-29 09:00:00,"AL022016",32.1,-79.4,35,45,1009,20,360,7,NA
"TROPICAL DEPRESSION","BONNIE","8",2016-05-29 15:00:00,"AL022016",33.2,-79.8,30,40,1009,20,355,8,NA
"TROPICAL DEPRESSION","BONNIE","9",2016-05-29 21:00:00,"AL022016",33,-80.4,25,35,1011,20,360,0,NA
"TROPICAL DEPRESSION","BONNIE","10",2016-05-30 03:00:00,"AL022016",32.8,-80.1,25,35,1012,30,160,1,NA
"TROPICAL DEPRESSION","BONNIE","11",2016-05-30 09:00:00,"AL022016",33,-79.5,25,35,1011,25,40,3,NA
"POST-TROPICAL CYCLONE","BONNIE","12",2016-05-30 15:00:00,"AL022016",33.4,-79.8,25,35,1012,25,65,2,NA
"TROPICAL DEPRESSION","BONNIE","24",2016-06-02 15:00:00,"AL022016",35.1,-75.1,25,35,1009,20,55,6,NA
"TROPICAL DEPRESSION","BONNIE","25",2016-06-02 21:00:00,"AL022016",35.4,-74.8,30,40,1008,20,50,5,NA
"TROPICAL DEPRESSION","BONNIE","26",2016-06-03 03:00:00,"AL022016",35.7,-74.3,30,40,1006,25,55,5,NA
"TROPICAL DEPRESSION","BONNIE","27",2016-06-03 09:00:00,"AL022016",35.8,-73.3,30,40,1006,25,75,7,NA
"TROPICAL DEPRESSION","BONNIE","28",2016-06-03 15:00:00,"AL022016",35.9,-72,30,40,1007,20,80,10,NA
"TROPICAL STORM","BONNIE","29",2016-06-03 21:00:00,"AL022016",35.9,-70.5,35,45,1006,20,90,11,NA
"TROPICAL STORM","BONNIE","30",2016-06-04 03:00:00,"AL022016",35.9,-69.6,35,45,1006,25,90,10,NA
"TROPICAL STORM","BONNIE","31",2016-06-04 09:00:00,"AL022016",35.9,-68.2,35,45,1006,25,90,10,NA
"TROPICAL DEPRESSION","BONNIE","32",2016-06-04 15:00:00,"AL022016",35.6,-66.4,30,40,1007,20,95,13,NA
"TROPICAL DEPRESSION","BONNIE","33",2016-06-04 21:00:00,"AL022016",35,-65.1,30,40,1008,20,110,12,NA
"POST-TROPICAL CYCLONE","BONNIE","34",2016-06-05 03:00:00,"AL022016",34.7,-63.6,30,40,1009,20,105,14,NA
"TROPICAL DEPRESSION","THREE","1",2016-06-05 15:00:00,"AL032016",21.9,-88.1,30,40,1005,40,360,7,NA
"TROPICAL DEPRESSION","THREE","2",2016-06-05 21:00:00,"AL032016",23.3,-87.9,30,40,1005,30,360,10,NA
"TROPICAL STORM","COLIN","3",2016-06-06 03:00:00,"AL032016",23.6,-87.8,35,45,1003,40,10,8,NA
"TROPICAL STORM","COLIN","4",2016-06-06 09:00:00,"AL032016",25.2,-87.4,45,55,1004,75,15,12,NA
"TROPICAL STORM","COLIN","5",2016-06-06 15:00:00,"AL032016",27,-87,45,55,1004,75,15,14,NA
"TROPICAL STORM","COLIN","6",2016-06-06 21:00:00,"AL032016",28.8,-85.5,45,55,1002,60,30,20,NA
"TROPICAL STORM","COLIN","7",2016-06-07 03:00:00,"AL032016",29.8,-83.8,45,55,1002,50,50,19,NA
"TROPICAL STORM","COLIN","8",2016-06-07 09:00:00,"AL032016",31.6,-80.6,45,55,1002,30,50,27,NA
"POST-TROPICAL CYCLONE","COLIN","9",2016-06-07 15:00:00,"AL032016",34,-77,50,60,996,60,55,31,NA
"POST-TROPICAL CYCLONE","COLIN","10",2016-06-07 21:00:00,"AL032016",36.5,-72.2,50,60,996,60,55,35,NA
"TROPICAL DEPRESSION","FOUR","1",2016-06-19 21:00:00,"AL042016",19.9,-94.7,30,40,1009,30,270,7,NA
"TROPICAL DEPRESSION","FOUR","2",2016-06-20 03:00:00,"AL042016",20.1,-95.4,30,40,1009,30,275,6,NA
"TROPICAL DEPRESSION","FOUR","3",2016-06-20 09:00:00,"AL042016",20.2,-95.9,30,40,1009,30,280,6,NA
"TROPICAL STORM","DANIELLE","4",2016-06-20 15:00:00,"AL042016",20.7,-96.3,40,50,1007,30,280,6,NA
"TROPICAL STORM","DANIELLE","5",2016-06-20 21:00:00,"AL042016",21.3,-97,40,50,1007,30,285,6,NA
"TROPICAL DEPRESSION","DANIELLE","6",2016-06-21 03:00:00,"AL042016",21.2,-97.8,30,40,1011,30,270,7,NA
"REMNANTS OF","DANIELLE","7",2016-06-21 09:00:00,"AL042016",20.6,-99.3,20,30,1014,40,250,11,NA
"TROPICAL STORM","EARL","1",2016-08-02 16:00:00,"AL052016",16.3,-80.2,40,50,1001,60,270,19,NA
"TROPICAL STORM","EARL","2",2016-08-02 21:00:00,"AL052016",16.4,-81.5,45,55,1002,60,280,14,NA
"TROPICAL STORM","EARL","3",2016-08-03 03:00:00,"AL052016",16.4,-83,50,60,996,30,280,14,NA
"TROPICAL STORM","EARL","4",2016-08-03 09:00:00,"AL052016",16.1,-83.7,55,65,994,20,280,12,NA
"TROPICAL STORM","EARL","5",2016-08-03 15:00:00,"AL052016",16.5,-84.8,60,75,989,20,280,12,NA
"TROPICAL STORM","EARL","6",2016-08-03 21:00:00,"AL052016",17.1,-86,60,75,990,20,280,12,NA
"HURRICANE","EARL","7",2016-08-04 03:00:00,"AL052016",17.4,-87.6,65,80,984,20,280,13,20
"HURRICANE","EARL","8",2016-08-04 09:00:00,"AL052016",17.3,-88.9,65,80,982,20,275,13,NA
"TROPICAL STORM","EARL","9",2016-08-04 15:00:00,"AL052016",17.2,-89.9,45,55,990,20,265,10,NA
"TROPICAL STORM","EARL","10",2016-08-04 21:00:00,"AL052016",17.6,-90.8,35,45,999,25,280,9,NA
"TROPICAL STORM","EARL","11",2016-08-05 03:00:00,"AL052016",18.1,-91.7,35,45,1000,25,285,9,NA
"TROPICAL STORM","EARL","12",2016-08-05 09:00:00,"AL052016",18.4,-92.8,35,45,1002,25,285,10,NA
"TROPICAL STORM","EARL","13",2016-08-05 15:00:00,"AL052016",18.6,-94.2,35,45,1001,25,280,9,NA
"TROPICAL STORM","EARL","14",2016-08-05 21:00:00,"AL052016",18.8,-95,50,60,1001,20,275,7,NA
"TROPICAL STORM","EARL","15",2016-08-06 03:00:00,"AL052016",19,-95.9,50,60,999,20,275,7,NA
"TROPICAL STORM","EARL","16",2016-08-06 09:00:00,"AL052016",19,-97,35,45,1003,20,270,9,NA
"REMNANTS OF","EARL","17",2016-08-06 15:00:00,"AL052016",19,-98,25,35,1005,20,270,9,NA
"TROPICAL DEPRESSION","SIX","1",2016-08-17 03:00:00,"AL062016",12.6,-34.1,30,40,1008,40,310,12,NA
"TROPICAL DEPRESSION","SIX","2",2016-08-17 09:00:00,"AL062016",13.2,-35.2,30,40,1007,30,305,13,NA
"TROPICAL DEPRESSION","SIX","3",2016-08-17 15:00:00,"AL062016",14,-36.4,30,40,1006,25,300,13,NA
"TROPICAL STORM","FIONA","4",2016-08-17 21:00:00,"AL062016",15.1,-37.8,35,45,1006,25,305,14,NA
"TROPICAL STORM","FIONA","5",2016-08-18 03:00:00,"AL062016",15.5,-39,35,45,1006,15,300,14,NA
"TROPICAL STORM","FIONA","6",2016-08-18 09:00:00,"AL062016",16.2,-40.3,40,50,1005,20,300,14,NA
"TROPICAL STORM","FIONA","7",2016-08-18 15:00:00,"AL062016",16.4,-40.5,40,50,1006,20,300,7,NA
"TROPICAL STORM","FIONA","8",2016-08-18 21:00:00,"AL062016",17,-41.3,40,50,1006,20,305,9,NA
"TROPICAL STORM","FIONA","9",2016-08-19 03:00:00,"AL062016",17.1,-41.8,40,50,1006,25,305,7,NA
"TROPICAL STORM","FIONA","10",2016-08-19 09:00:00,"AL062016",17.6,-42.7,40,50,1006,30,300,9,NA
"TROPICAL STORM","FIONA","11",2016-08-19 15:00:00,"AL062016",17.8,-43.5,40,50,1006,30,295,9,NA
"TROPICAL STORM","FIONA","12",2016-08-19 21:00:00,"AL062016",18.1,-44.4,35,45,1007,30,295,9,NA
"TROPICAL STORM","FIONA","13",2016-08-20 03:00:00,"AL062016",18.7,-45.5,35,45,1007,15,295,10,NA
"TROPICAL STORM","FIONA","14",2016-08-20 09:00:00,"AL062016",19.2,-46.7,35,45,1008,25,295,11,NA
"TROPICAL STORM","FIONA","15",2016-08-20 15:00:00,"AL062016",20.3,-47.8,35,45,1008,25,300,12,NA
"TROPICAL STORM","FIONA","16",2016-08-20 21:00:00,"AL062016",21.2,-49.1,35,45,1008,25,305,13,NA
"TROPICAL STORM","FIONA","17",2016-08-21 03:00:00,"AL062016",21.7,-50.1,45,55,1004,15,305,13,NA
"TROPICAL STORM","FIONA","18",2016-08-21 09:00:00,"AL062016",22.2,-51.7,40,50,1006,15,295,14,NA
"TROPICAL STORM","FIONA","19",2016-08-21 15:00:00,"AL062016",22.9,-53.3,35,45,1007,15,295,14,NA
"TROPICAL STORM","FIONA","20",2016-08-21 21:00:00,"AL062016",23.4,-54.9,35,45,1007,25,290,15,NA
"TROPICAL DEPRESSION","FIONA","21",2016-08-22 03:00:00,"AL062016",23.8,-56.6,30,40,1008,30,290,16,NA
"TROPICAL DEPRESSION","FIONA","22",2016-08-22 09:00:00,"AL062016",24.4,-58.4,30,40,1008,30,290,16,NA
"TROPICAL DEPRESSION","FIONA","23",2016-08-22 15:00:00,"AL062016",24.6,-59.7,30,40,1008,20,285,15,NA
"TROPICAL DEPRESSION","FIONA","24",2016-08-22 21:00:00,"AL062016",25.1,-61.3,30,40,1009,20,285,15,NA
"TROPICAL DEPRESSION","FIONA","25",2016-08-23 03:00:00,"AL062016",25.5,-62.3,30,40,1010,30,290,13,NA
"TROPICAL DEPRESSION","FIONA","26",2016-08-23 09:00:00,"AL062016",25.8,-63.4,30,40,1010,25,290,11,NA
"POST-TROPICAL CYCLONE","FIONA","27",2016-08-23 15:00:00,"AL062016",26.1,-64.5,25,35,1014,15,290,10,NA
"TROPICAL DEPRESSION","SEVEN","1",2016-08-22 21:00:00,"AL072016",12.1,-29,30,40,1006,30,275,16,NA
"TROPICAL STORM","GASTON","2",2016-08-23 03:00:00,"AL072016",12.6,-30.7,35,45,1005,25,285,16,NA
"TROPICAL STORM","GASTON","3",2016-08-23 09:00:00,"AL072016",13.2,-32.4,45,55,1004,20,290,17,NA
"TROPICAL STORM","GASTON","4",2016-08-23 15:00:00,"AL072016",13.8,-34.6,55,65,1002,20,285,18,NA
"TROPICAL STORM","GASTON","5",2016-08-23 21:00:00,"AL072016",14.2,-35.8,55,65,1002,20,290,16,NA
"TROPICAL STORM","GASTON","6",2016-08-24 03:00:00,"AL072016",14.7,-37.1,55,65,1002,20,290,15,NA
"TROPICAL STORM","GASTON","7",2016-08-24 09:00:00,"AL072016",14.9,-38.6,60,75,999,20,290,15,NA
"TROPICAL STORM","GASTON","8",2016-08-24 15:00:00,"AL072016",16.1,-39.4,60,75,999,20,305,14,NA
"TROPICAL STORM","GASTON","9",2016-08-24 21:00:00,"AL072016",17.4,-40.6,60,75,990,20,315,14,NA
"TROPICAL STORM","GASTON","10",2016-08-25 03:00:00,"AL072016",18.6,-42.1,60,75,990,20,310,15,NA
"HURRICANE","GASTON","11",2016-08-25 09:00:00,"AL072016",19.5,-43.3,65,80,988,20,310,15,NA
"TROPICAL STORM","GASTON","12",2016-08-25 15:00:00,"AL072016",20.4,-44.4,60,75,992,25,315,15,NA
"TROPICAL STORM","GASTON","13",2016-08-25 21:00:00,"AL072016",21.6,-45.5,55,65,994,25,315,15,NA
"TROPICAL STORM","GASTON","14",2016-08-26 03:00:00,"AL072016",22.8,-46.4,55,65,997,25,320,15,NA
"TROPICAL STORM","GASTON","15",2016-08-26 09:00:00,"AL072016",23.9,-47.6,55,65,997,25,320,15,NA
"TROPICAL STORM","GASTON","16",2016-08-26 15:00:00,"AL072016",25.2,-48.3,55,65,997,20,330,15,NA
"TROPICAL STORM","GASTON","17",2016-08-26 21:00:00,"AL072016",26.2,-49.7,55,65,997,15,320,15,NA
"TROPICAL STORM","GASTON","18",2016-08-27 03:00:00,"AL072016",27,-50.8,55,65,997,15,315,13,NA
"TROPICAL STORM","GASTON","19",2016-08-27 09:00:00,"AL072016",27.9,-52,55,65,995,15,310,13,NA
"TROPICAL STORM","GASTON","20",2016-08-27 15:00:00,"AL072016",28.4,-53.2,60,75,995,15,310,9,NA
"TROPICAL STORM","GASTON","21",2016-08-27 21:00:00,"AL072016",29.2,-54,60,75,993,15,320,8,NA
"HURRICANE","GASTON","22",2016-08-28 03:00:00,"AL072016",29.6,-54.2,75,90,980,15,320,7,NA
"HURRICANE","GASTON","23",2016-08-28 09:00:00,"AL072016",30.1,-54.6,80,100,975,20,325,5,NA
"HURRICANE","GASTON","24",2016-08-28 15:00:00,"AL072016",30.5,-54.8,90,110,970,20,320,4,NA
"HURRICANE","GASTON","25",2016-08-28 21:00:00,"AL072016",30.8,-55.1,100,120,962,20,320,4,15
"HURRICANE","GASTON","26",2016-08-29 03:00:00,"AL072016",30.6,-55.2,105,130,957,10,360,0,15
"HURRICANE","GASTON","27",2016-08-29 09:00:00,"AL072016",30.8,-55.2,100,120,960,10,360,1,NA
"HURRICANE","GASTON","28",2016-08-29 15:00:00,"AL072016",31,-55.4,95,115,963,10,360,2,NA
"HURRICANE","GASTON","29",2016-08-29 21:00:00,"AL072016",31.2,-55.2,90,110,968,10,30,3,NA
"HURRICANE","GASTON","30",2016-08-30 03:00:00,"AL072016",31.6,-54.6,90,110,968,10,45,5,25
"HURRICANE","GASTON","31",2016-08-30 09:00:00,"AL072016",32,-54,85,105,971,10,55,5,35
"HURRICANE","GASTON","32",2016-08-30 15:00:00,"AL072016",32.2,-52.9,90,110,968,10,60,7,20
"HURRICANE","GASTON","33",2016-08-30 21:00:00,"AL072016",32.6,-51.9,95,115,964,10,65,9,30
"HURRICANE","GASTON","34",2016-08-31 03:00:00,"AL072016",32.9,-50.9,105,130,956,10,70,9,35
"HURRICANE","GASTON","35",2016-08-31 09:00:00,"AL072016",33.4,-50.2,105,130,956,10,50,8,30
"HURRICANE","GASTON","36",2016-08-31 15:00:00,"AL072016",34,-48.6,100,120,961,15,60,13,40
"HURRICANE","GASTON","37",2016-08-31 21:00:00,"AL072016",35,-46.9,90,110,969,15,55,16,30
"HURRICANE","GASTON","38",2016-09-01 03:00:00,"AL072016",36,-45.4,90,110,970,15,55,17,25
"HURRICANE","GASTON","39",2016-09-01 09:00:00,"AL072016",36.8,-43.3,80,100,977,20,60,17,NA
"HURRICANE","GASTON","40",2016-09-01 15:00:00,"AL072016",37.6,-40.6,75,90,980,20,70,21,NA
"HURRICANE","GASTON","41",2016-09-01 21:00:00,"AL072016",38.3,-37.5,70,85,984,25,75,25,NA
"HURRICANE","GASTON","42",2016-09-02 03:00:00,"AL072016",38.3,-36,65,80,989,25,75,20,NA
"TROPICAL STORM","GASTON","43",2016-09-02 09:00:00,"AL072016",38.5,-34.5,55,65,992,25,80,13,NA
"TROPICAL STORM","GASTON","44",2016-09-02 15:00:00,"AL072016",39.1,-32,60,75,990,25,70,16,NA
"TROPICAL STORM","GASTON","45",2016-09-02 21:00:00,"AL072016",39.6,-30.4,45,55,1000,25,70,15,NA
"TROPICAL STORM","GASTON","46",2016-09-03 03:00:00,"AL072016",40.1,-28.7,35,45,1003,25,70,14,NA
"POST-TROPICAL CYCLONE","GASTON","47",2016-09-03 09:00:00,"AL072016",40.5,-26.9,30,40,1006,25,65,15,NA
"TROPICAL DEPRESSION","EIGHT","1",2016-08-28 15:00:00,"AL082016",31.5,-70,30,40,1009,25,280,8,NA
"TROPICAL DEPRESSION","EIGHT","2",2016-08-28 21:00:00,"AL082016",31.8,-70.9,30,40,1010,25,280,8,NA
"TROPICAL DEPRESSION","EIGHT","3",2016-08-29 03:00:00,"AL082016",32.2,-72.1,30,40,1010,25,285,9,NA
"TROPICAL DEPRESSION","EIGHT","4",2016-08-29 09:00:00,"AL082016",32.6,-73,30,40,1010,20,300,9,NA
"TROPICAL DEPRESSION","EIGHT","5",2016-08-29 15:00:00,"AL082016",33.2,-73.5,30,40,1011,15,310,6,NA
"TROPICAL DEPRESSION","EIGHT","6",2016-08-29 21:00:00,"AL082016",33.6,-74,30,40,1011,15,310,5,NA
"TROPICAL DEPRESSION","EIGHT","7",2016-08-30 03:00:00,"AL082016",33.8,-74.1,30,40,1011,20,315,4,NA
"TROPICAL DEPRESSION","EIGHT","8",2016-08-30 09:00:00,"AL082016",33.9,-75,30,40,1010,20,305,5,NA
"TROPICAL DEPRESSION","EIGHT","9",2016-08-30 15:00:00,"AL082016",34.2,-75.3,30,40,1011,20,335,4,NA
"TROPICAL DEPRESSION","EIGHT","10",2016-08-30 21:00:00,"AL082016",34.4,-75.1,30,40,1011,20,20,4,NA
"TROPICAL DEPRESSION","EIGHT","11",2016-08-31 03:00:00,"AL082016",34.5,-74.6,30,40,1011,20,40,4,NA
"TROPICAL DEPRESSION","EIGHT","12",2016-08-31 09:00:00,"AL082016",34.8,-74.3,30,40,1011,20,45,4,NA
"TROPICAL DEPRESSION","EIGHT","13",2016-08-31 15:00:00,"AL082016",35.5,-73.1,30,40,1010,20,55,13,NA
"TROPICAL DEPRESSION","EIGHT","14",2016-08-31 21:00:00,"AL082016",36.3,-71.9,25,35,1010,20,55,14,NA
"TROPICAL DEPRESSION","EIGHT","15",2016-09-01 03:00:00,"AL082016",36.7,-70.1,25,35,1010,25,65,16,NA
"REMNANTS OF","EIGHT","16",2016-09-01 09:00:00,"AL082016",38.2,-69.2,25,35,1010,25,50,13,NA
"TROPICAL DEPRESSION","NINE","1",2016-08-28 21:00:00,"AL092016",23.7,-81.7,30,40,1009,25,270,8,NA
"TROPICAL DEPRESSION","NINE","2",2016-08-29 03:00:00,"AL092016",23.4,-82.7,30,40,1007,25,270,8,NA
"TROPICAL DEPRESSION","NINE","3",2016-08-29 09:00:00,"AL092016",23.5,-83.9,30,40,1007,20,275,8,NA
"TROPICAL DEPRESSION","NINE","4",2016-08-29 15:00:00,"AL092016",23.6,-84.3,30,40,1007,25,280,6,NA
"TROPICAL DEPRESSION","NINE","5",2016-08-29 21:00:00,"AL092016",24,-84.8,30,40,1007,25,290,4,NA
"TROPICAL DEPRESSION","NINE","6",2016-08-30 03:00:00,"AL092016",23.9,-85.5,30,40,1003,20,280,6,NA
"TROPICAL DEPRESSION","NINE","7",2016-08-30 09:00:00,"AL092016",23.8,-86.6,30,40,1003,20,275,6,NA
"TROPICAL DEPRESSION","NINE","8",2016-08-30 15:00:00,"AL092016",24,-87.2,30,40,1004,25,290,6,NA
"TROPICAL DEPRESSION","NINE","9",2016-08-30 21:00:00,"AL092016",24.4,-87.3,30,40,1004,20,320,4,NA
"TROPICAL DEPRESSION","NINE","10",2016-08-31 03:00:00,"AL092016",24.3,-87.8,30,40,1004,20,345,2,NA
"TROPICAL DEPRESSION","NINE","11",2016-08-31 09:00:00,"AL092016",24.5,-88.1,30,40,1004,20,360,2,NA
"TROPICAL DEPRESSION","NINE","12",2016-08-31 15:00:00,"AL092016",24.6,-88,30,40,1001,30,360,0,NA
"TROPICAL STORM","HERMINE","13",2016-08-31 21:00:00,"AL092016",25.5,-87.4,40,50,1004,30,30,6,NA
"TROPICAL STORM","HERMINE","14",2016-09-01 03:00:00,"AL092016",25.8,-87,50,60,998,20,25,9,NA
"TROPICAL STORM","HERMINE","15",2016-09-01 09:00:00,"AL092016",26.4,-86.6,50,60,996,20,20,10,NA
"TROPICAL STORM","HERMINE","16",2016-09-01 15:00:00,"AL092016",27.4,-86,55,65,991,20,30,12,NA
"TROPICAL STORM","HERMINE","17",2016-09-01 17:00:00,"AL092016",27.8,-85.6,60,75,989,20,30,12,NA
"HURRICANE","HERMINE","18",2016-09-01 21:00:00,"AL092016",28.5,-85,65,80,988,20,30,12,NA
"HURRICANE","HERMINE","19",2016-09-02 03:00:00,"AL092016",29.7,-84.3,70,85,984,20,30,12,35
"TROPICAL STORM","HERMINE","20",2016-09-02 09:00:00,"AL092016",30.8,-83.6,60,75,988,20,25,12,NA
"TROPICAL STORM","HERMINE","21",2016-09-02 15:00:00,"AL092016",31.9,-82,45,55,989,20,40,16,NA
"TROPICAL STORM","HERMINE","22",2016-09-02 21:00:00,"AL092016",33,-80.5,45,55,993,20,55,17,NA
"TROPICAL STORM","HERMINE","23",2016-09-03 03:00:00,"AL092016",34.1,-78.4,45,55,997,20,55,19,NA
"TROPICAL STORM","HERMINE","24",2016-09-03 09:00:00,"AL092016",35.4,-76.5,50,60,997,20,60,18,NA
"POST-TROPICAL CYCLONE","HERMINE","25",2016-09-03 15:00:00,"AL092016",36.1,-75.2,55,65,993,25,60,13,NA
"POST-TROPICAL CYCLONE","HERMINE","26",2016-09-03 21:00:00,"AL092016",36.2,-73.3,60,75,997,25,75,10,NA
"POST-TROPICAL CYCLONE","HERMINE","27",2016-09-04 03:00:00,"AL092016",36.5,-72.1,60,75,998,20,75,11,NA
"POST-TROPICAL CYCLONE","HERMINE","28",2016-09-04 09:00:00,"AL092016",36.8,-70.8,55,65,998,20,65,10,NA
"POST-TROPICAL CYCLONE","HERMINE","29",2016-09-04 15:00:00,"AL092016",37.2,-69.6,60,75,999,20,60,9,NA
"POST-TROPICAL CYCLONE","HERMINE","30",2016-09-04 21:00:00,"AL092016",37.2,-69.1,60,75,999,25,70,4,NA
"POST-TROPICAL CYCLONE","HERMINE","31",2016-09-05 03:00:00,"AL092016",37.2,-68.5,60,75,997,25,20,3,NA
"POST-TROPICAL CYCLONE","HERMINE","32",2016-09-05 09:00:00,"AL092016",37.7,-68.3,60,75,997,25,360,3,NA
"POST-TROPICAL CYCLONE","HERMINE","33",2016-09-05 15:00:00,"AL092016",38.8,-68.8,60,75,998,30,325,5,NA
"POST-TROPICAL CYCLONE","HERMINE","34",2016-09-05 21:00:00,"AL092016",39.3,-69.5,60,75,997,30,300,6,NA
"POST-TROPICAL CYCLONE","HERMINE","35",2016-09-06 03:00:00,"AL092016",39.6,-70.7,55,65,995,30,300,8,NA
"POST-TROPICAL CYCLONE","HERMINE","36",2016-09-06 09:00:00,"AL092016",39.6,-71.6,55,65,996,30,270,7,NA
"POST-TROPICAL CYCLONE","HERMINE","37",2016-09-06 15:00:00,"AL092016",39.5,-71.9,50,60,997,15,270,3,NA
"POST-TROPICAL CYCLONE","HERMINE","38",2016-09-06 18:00:00,"AL092016",39.4,-72.3,45,55,999,15,265,6,NA
"TROPICAL STORM","IAN","1",2016-09-12 15:00:00,"AL102016",21.8,-50.4,35,45,1007,20,320,11,NA
"TROPICAL STORM","IAN","2",2016-09-12 21:00:00,"AL102016",22.9,-50.7,35,45,1007,20,330,11,NA
"TROPICAL STORM","IAN","3",2016-09-13 03:00:00,"AL102016",23.5,-51.5,40,50,1005,20,330,11,NA
"TROPICAL STORM","IAN","4",2016-09-13 09:00:00,"AL102016",24,-51.7,40,50,1005,20,335,8,NA
"TROPICAL STORM","IAN","5",2016-09-13 15:00:00,"AL102016",25.4,-52.3,40,50,1005,20,330,11,NA
"TROPICAL STORM","IAN","6",2016-09-13 21:00:00,"AL102016",27,-52.7,40,50,1005,20,346,14,NA
"TROPICAL STORM","IAN","7",2016-09-14 03:00:00,"AL102016",27.6,-52.8,45,55,998,25,345,11,NA
"TROPICAL STORM","IAN","8",2016-09-14 09:00:00,"AL102016",29.3,-53,45,55,998,30,350,13,NA
"TROPICAL STORM","IAN","9",2016-09-14 15:00:00,"AL102016",31.4,-53,45,55,998,30,355,17,NA
"TROPICAL STORM","IAN","10",2016-09-14 21:00:00,"AL102016",32.9,-53.6,45,55,998,30,350,15,NA
"TROPICAL STORM","IAN","11",2016-09-15 03:00:00,"AL102016",33.9,-53.4,45,55,998,30,15,12,NA
"TROPICAL STORM","IAN","12",2016-09-15 09:00:00,"AL102016",35.5,-52.4,45,55,998,30,25,17,NA
"TROPICAL STORM","IAN","13",2016-09-15 15:00:00,"AL102016",37.2,-50.5,45,55,998,30,40,21,NA
"TROPICAL STORM","IAN","14",2016-09-15 21:00:00,"AL102016",39.6,-47.7,45,55,998,30,40,30,NA
"TROPICAL STORM","IAN","15",2016-09-16 03:00:00,"AL102016",42.9,-44.9,45,55,998,30,40,46,NA
"TROPICAL STORM","IAN","16",2016-09-16 09:00:00,"AL102016",45.2,-40.8,50,60,994,35,40,42,NA
"POST-TROPICAL CYCLONE","IAN","17",2016-09-16 15:00:00,"AL102016",48.8,-36.2,55,65,988,35,35,46,NA
"TROPICAL STORM","JULIA","1",2016-09-14 03:00:00,"AL112016",30.3,-81.6,35,45,1009,10,345,8,NA
"TROPICAL STORM","JULIA","2",2016-09-14 09:00:00,"AL112016",30.9,-81.8,35,45,1012,25,350,6,NA
"TROPICAL STORM","JULIA","3",2016-09-14 15:00:00,"AL112016",31.4,-81.3,35,45,1011,25,30,5,NA
"TROPICAL STORM","JULIA","4",2016-09-14 21:00:00,"AL112016",32.1,-80.5,35,45,1011,25,40,5,NA
"TROPICAL STORM","JULIA","5",2016-09-15 03:00:00,"AL112016",32.1,-79.8,35,45,1009,25,60,4,NA
"TROPICAL DEPRESSION","JULIA","6",2016-09-15 09:00:00,"AL112016",32,-79.6,30,40,1010,25,90,2,NA
"TROPICAL DEPRESSION","JULIA","7",2016-09-15 15:00:00,"AL112016",31.8,-78.2,30,40,1010,25,95,7,NA
"TROPICAL STORM","JULIA","8",2016-09-15 21:00:00,"AL112016",32.1,-77.1,35,45,1007,25,85,7,NA
"TROPICAL STORM","JULIA","9",2016-09-16 03:00:00,"AL112016",31.5,-77.1,35,45,1007,25,120,4,NA
"TROPICAL STORM","JULIA","10",2016-09-16 09:00:00,"AL112016",31.1,-76.4,35,45,1008,25,135,4,NA
"TROPICAL STORM","JULIA","11",2016-09-16 15:00:00,"AL112016",31.1,-75.6,35,45,1008,25,105,6,NA
"TROPICAL STORM","JULIA","12",2016-09-16 21:00:00,"AL112016",30.8,-75.7,35,45,1008,20,190,3,NA
"TROPICAL DEPRESSION","JULIA","13",2016-09-17 03:00:00,"AL112016",30.2,-76.3,30,40,1008,20,260,2,NA
"TROPICAL DEPRESSION","JULIA","14",2016-09-17 09:00:00,"AL112016",30.1,-76.4,25,35,1009,20,360,0,NA
"TROPICAL DEPRESSION","JULIA","15",2016-09-17 15:00:00,"AL112016",30.2,-76.2,25,35,1010,20,360,0,NA
"TROPICAL DEPRESSION","JULIA","16",2016-09-17 21:00:00,"AL112016",30.5,-76.3,25,35,1010,20,310,1,NA
"TROPICAL DEPRESSION","JULIA","17",2016-09-18 03:00:00,"AL112016",30.6,-76.5,25,35,1010,20,320,3,NA
"TROPICAL DEPRESSION","JULIA","18",2016-09-18 09:00:00,"AL112016",31.3,-76.7,25,35,1010,20,335,4,NA
"TROPICAL DEPRESSION","JULIA","19",2016-09-18 15:00:00,"AL112016",31.8,-77.1,25,35,1010,15,270,2,NA
"TROPICAL DEPRESSION","JULIA","20",2016-09-18 21:00:00,"AL112016",32.3,-78,25,35,1010,15,330,6,NA
"POST-TROPICAL CYCLONE","JULIA","21",2016-09-19 03:00:00,"AL112016",32.2,-78.4,25,35,1011,20,310,6,NA
"TROPICAL DEPRESSION","TWELVE","1",2016-09-14 15:00:00,"AL122016",17,-25,30,40,1009,30,300,12,NA
"TROPICAL DEPRESSION","TWELVE","2",2016-09-14 21:00:00,"AL122016",17.4,-26.5,30,40,1009,30,295,13,NA
"TROPICAL DEPRESSION","TWELVE","3",2016-09-15 03:00:00,"AL122016",17.6,-27.5,30,40,1009,30,280,12,NA
"TROPICAL DEPRESSION","TWELVE","4",2016-09-15 09:00:00,"AL122016",17.6,-29.3,30,40,1009,30,275,14,NA
"TROPICAL DEPRESSION","TWELVE","5",2016-09-15 15:00:00,"AL122016",17.7,-30.4,30,40,1009,15,275,11,NA
"TROPICAL DEPRESSION","TWELVE","6",2016-09-15 21:00:00,"AL122016",17.8,-31.4,30,40,1008,15,275,11,NA
"TROPICAL STORM","KARL","7",2016-09-16 03:00:00,"AL122016",17.9,-32.5,40,50,1005,15,280,12,NA
"TROPICAL STORM","KARL","8",2016-09-16 09:00:00,"AL122016",18.3,-33.4,40,50,1005,20,280,11,NA
"TROPICAL STORM","KARL","9",2016-09-16 15:00:00,"AL122016",18.4,-34.3,40,50,1005,20,280,11,NA
"TROPICAL STORM","KARL","10",2016-09-16 21:00:00,"AL122016",18.8,-35.6,40,50,1005,20,280,12,NA
"TROPICAL STORM","KARL","11",2016-09-17 03:00:00,"AL122016",18.5,-37,40,50,1005,15,270,13,NA
"TROPICAL STORM","KARL","12",2016-09-17 09:00:00,"AL122016",18.2,-38.2,40,50,1004,15,265,12,NA
"TROPICAL STORM","KARL","13",2016-09-17 15:00:00,"AL122016",18.3,-39,40,50,1004,20,265,11,NA
"TROPICAL STORM","KARL","14",2016-09-17 21:00:00,"AL122016",18.1,-40.4,40,50,1005,20,265,11,NA
"TROPICAL STORM","KARL","15",2016-09-18 03:00:00,"AL122016",17.8,-41.3,35,45,1006,20,265,10,NA
"TROPICAL STORM","KARL","16",2016-09-18 09:00:00,"AL122016",17.7,-42.3,35,45,1006,20,265,11,NA
"TROPICAL STORM","KARL","17",2016-09-18 15:00:00,"AL122016",18,-43.4,35,45,1006,15,270,11,NA
"TROPICAL STORM","KARL","18",2016-09-18 21:00:00,"AL122016",18.3,-45,35,45,1006,15,280,13,NA
"TROPICAL STORM","KARL","19",2016-09-19 03:00:00,"AL122016",18.3,-46.3,35,45,1006,20,275,13,NA
"TROPICAL STORM","KARL","20",2016-09-19 09:00:00,"AL122016",18.2,-47.7,35,45,1006,20,270,13,NA
"TROPICAL STORM","KARL","21",2016-09-19 15:00:00,"AL122016",18.6,-48.3,35,45,1006,15,275,11,NA
"TROPICAL STORM","KARL","22",2016-09-19 21:00:00,"AL122016",19.3,-49.2,35,45,1006,15,290,10,NA
"TROPICAL STORM","KARL","23",2016-09-20 03:00:00,"AL122016",19.7,-50.5,40,50,1005,15,290,12,NA
"TROPICAL STORM","KARL","24",2016-09-20 09:00:00,"AL122016",20.2,-52.8,35,45,1006,25,290,15,NA
"TROPICAL STORM","KARL","25",2016-09-20 15:00:00,"AL122016",20,-54.3,35,45,1006,15,275,15,NA
"TROPICAL STORM","KARL","26",2016-09-20 21:00:00,"AL122016",20.1,-55.2,35,45,1005,15,275,12,NA
"TROPICAL STORM","KARL","27",2016-09-21 03:00:00,"AL122016",19.9,-56.7,35,45,1006,15,270,12,NA
"TROPICAL DEPRESSION","KARL","28",2016-09-21 09:00:00,"AL122016",20.2,-57.6,30,40,1006,15,280,12,NA
"TROPICAL DEPRESSION","KARL","29",2016-09-21 15:00:00,"AL122016",20.8,-57.8,30,40,1007,20,295,8,NA
"TROPICAL DEPRESSION","KARL","30",2016-09-21 21:00:00,"AL122016",21.9,-58.7,30,40,1007,20,305,10,NA
"TROPICAL DEPRESSION","KARL","31",2016-09-22 03:00:00,"AL122016",22.9,-59.6,30,40,1007,20,315,13,NA
"TROPICAL DEPRESSION","KARL","32",2016-09-22 09:00:00,"AL122016",24,-60.7,30,40,1007,20,315,14,NA
"TROPICAL DEPRESSION","KARL","33",2016-09-22 15:00:00,"AL122016",25,-62.3,30,40,1007,25,305,15,NA
"TROPICAL STORM","KARL","34",2016-09-22 21:00:00,"AL122016",25.5,-63.2,35,45,1005,15,310,14,NA
"TROPICAL STORM","KARL","35",2016-09-23 03:00:00,"AL122016",27,-64,40,50,1001,20,315,14,NA
"TROPICAL STORM","KARL","36",2016-09-23 09:00:00,"AL122016",27.9,-64.8,50,60,999,20,325,13,NA
"TROPICAL STORM","KARL","37",2016-09-23 15:00:00,"AL122016",28.6,-64.8,50,60,992,15,360,10,NA
"TROPICAL STORM","KARL","38",2016-09-23 21:00:00,"AL122016",29.9,-65.1,50,60,988,20,360,11,NA
"TROPICAL STORM","KARL","39",2016-09-24 03:00:00,"AL122016",30.8,-65.1,55,65,990,20,20,11,NA
"TROPICAL STORM","KARL","40",2016-09-24 09:00:00,"AL122016",31.7,-64.3,55,65,994,20,35,15,NA
"TROPICAL STORM","KARL","41",2016-09-24 15:00:00,"AL122016",32.8,-62.7,55,65,994,30,50,16,NA
"TROPICAL STORM","KARL","42",2016-09-24 21:00:00,"AL122016",33.6,-61.1,55,65,994,30,60,20,NA
"TROPICAL STORM","KARL","43",2016-09-25 03:00:00,"AL122016",35,-58,55,65,992,30,55,25,NA
"TROPICAL STORM","KARL","44",2016-09-25 09:00:00,"AL122016",37.5,-53.5,60,75,990,30,55,40,NA
"POST-TROPICAL CYCLONE","KARL","45",2016-09-25 15:00:00,"AL122016",39.9,-47.9,60,75,986,35,55,43,NA
"TROPICAL DEPRESSION","THIRTEEN","1",2016-09-19 21:00:00,"AL132016",13.6,-28.6,30,40,1007,20,280,10,NA
"TROPICAL DEPRESSION","THIRTEEN","2",2016-09-20 03:00:00,"AL132016",14.2,-29,30,40,1007,20,285,8,NA
"TROPICAL DEPRESSION","THIRTEEN","3",2016-09-20 09:00:00,"AL132016",14.4,-29.6,30,40,1007,30,295,8,NA
"TROPICAL STORM","LISA","4",2016-09-20 15:00:00,"AL132016",15.3,-30.4,35,45,1007,20,305,10,NA
"TROPICAL STORM","LISA","5",2016-09-20 21:00:00,"AL132016",16.4,-31,40,50,1004,20,315,10,NA
"TROPICAL STORM","LISA","6",2016-09-21 03:00:00,"AL132016",17.1,-31.7,40,50,1004,30,315,9,NA
"TROPICAL STORM","LISA","7",2016-09-21 09:00:00,"AL132016",17.5,-32.2,45,55,1002,30,315,8,NA
"TROPICAL STORM","LISA","8",2016-09-21 15:00:00,"AL132016",18,-32.5,45,55,1002,35,320,7,NA
"TROPICAL STORM","LISA","9",2016-09-21 21:00:00,"AL132016",18.5,-32.5,40,50,1004,35,325,6,NA
"TROPICAL STORM","LISA","10",2016-09-22 03:00:00,"AL132016",19.2,-32.8,40,50,1004,30,330,6,NA
"TROPICAL STORM","LISA","11",2016-09-22 09:00:00,"AL132016",19.9,-34,40,50,1004,30,310,12,NA
"TROPICAL STORM","LISA","12",2016-09-22 15:00:00,"AL132016",20,-34,45,55,999,30,310,6,NA
"TROPICAL STORM","LISA","13",2016-09-22 21:00:00,"AL132016",20.7,-34.5,45,55,999,30,320,7,NA
"TROPICAL STORM","LISA","14",2016-09-23 03:00:00,"AL132016",21.3,-35.2,40,50,1003,30,320,8,NA
"TROPICAL STORM","LISA","15",2016-09-23 09:00:00,"AL132016",21.8,-35.7,35,45,1008,20,315,8,NA
"TROPICAL STORM","LISA","16",2016-09-23 15:00:00,"AL132016",22.2,-36.3,35,45,1008,25,315,6,NA
"TROPICAL DEPRESSION","LISA","17",2016-09-23 21:00:00,"AL132016",22.5,-36.5,30,40,1009,25,310,6,NA
"TROPICAL DEPRESSION","LISA","18",2016-09-24 03:00:00,"AL132016",23.2,-37.3,30,40,1009,25,315,7,NA
"TROPICAL DEPRESSION","LISA","19",2016-09-24 09:00:00,"AL132016",23.8,-37.9,30,40,1010,25,315,8,NA
"TROPICAL STORM","LISA","20",2016-09-24 15:00:00,"AL132016",24.7,-38.8,35,45,1008,25,320,9,NA
"TROPICAL DEPRESSION","LISA","21",2016-09-24 21:00:00,"AL132016",25.3,-39.7,30,40,1010,20,310,10,NA
"POST-TROPICAL CYCLONE","LISA","22",2016-09-25 03:00:00,"AL132016",25.8,-40.8,30,40,1011,20,305,11,NA
"TROPICAL STORM","MATTHEW","1",2016-09-28 15:00:00,"AL142016",13.4,-60.7,50,60,1008,30,275,18,NA
"TROPICAL STORM","MATTHEW","2",2016-09-28 21:00:00,"AL142016",13.8,-62,50,60,1008,20,280,16,NA
"TROPICAL STORM","MATTHEW","3",2016-09-29 03:00:00,"AL142016",13.9,-63.1,55,65,1004,20,270,13,NA
"TROPICAL STORM","MATTHEW","4",2016-09-29 09:00:00,"AL142016",14,-64.7,55,65,1002,30,275,14,NA
"TROPICAL STORM","MATTHEW","5",2016-09-29 15:00:00,"AL142016",14.2,-66.3,60,75,996,20,275,13,NA
"HURRICANE","MATTHEW","6",2016-09-29 21:00:00,"AL142016",14.1,-67.8,65,80,993,20,270,15,NA
"HURRICANE","MATTHEW","7",2016-09-30 03:00:00,"AL142016",14.1,-68.8,70,85,983,20,270,12,20
"HURRICANE","MATTHEW","8",2016-09-30 06:00:00,"AL142016",14.1,-69.3,85,105,979,20,270,12,25
"HURRICANE","MATTHEW","9",2016-09-30 09:00:00,"AL142016",14,-69.9,85,105,979,20,265,12,NA
"HURRICANE","MATTHEW","10",2016-09-30 15:00:00,"AL142016",13.7,-70.8,100,120,968,20,255,10,15
"HURRICANE","MATTHEW","11",2016-09-30 21:00:00,"AL142016",13.5,-71.6,120,145,949,20,255,8,15
"HURRICANE","MATTHEW","12",2016-10-01 03:00:00,"AL142016",13.3,-72.3,140,170,941,10,265,6,15
"HURRICANE","MATTHEW","13",2016-10-01 09:00:00,"AL142016",13.3,-72.8,135,165,942,10,270,6,15
"HURRICANE","MATTHEW","14",2016-10-01 15:00:00,"AL142016",13.4,-73.4,125,150,947,15,270,5,10
"HURRICANE","MATTHEW","15",2016-10-01 21:00:00,"AL142016",13.5,-73.4,130,160,940,10,315,3,NA
"HURRICANE","MATTHEW","16",2016-10-02 03:00:00,"AL142016",13.8,-73.6,130,160,940,10,335,6,15
"HURRICANE","MATTHEW","17",2016-10-02 09:00:00,"AL142016",13.9,-74.1,130,160,940,10,320,4,15
"HURRICANE","MATTHEW","18",2016-10-02 15:00:00,"AL142016",14,-74.6,120,145,947,10,270,3,15
"HURRICANE","MATTHEW","19",2016-10-02 21:00:00,"AL142016",14.6,-74.8,125,150,945,15,325,4,10
"HURRICANE","MATTHEW","20",2016-10-03 03:00:00,"AL142016",14.7,-75,125,150,943,15,360,4,10
"HURRICANE","MATTHEW","21",2016-10-03 09:00:00,"AL142016",15.2,-74.9,115,140,943,15,360,5,15
"HURRICANE","MATTHEW","22",2016-10-03 15:00:00,"AL142016",15.6,-75,120,145,941,15,360,5,15
"HURRICANE","MATTHEW","23",2016-10-03 21:00:00,"AL142016",16.3,-74.7,120,145,940,15,10,6,15
"HURRICANE","MATTHEW","24",2016-10-04 03:00:00,"AL142016",16.9,-74.6,125,150,934,15,360,6,15
"HURRICANE","MATTHEW","25",2016-10-04 09:00:00,"AL142016",17.8,-74.4,125,150,934,15,5,8,20
"HURRICANE","MATTHEW","26",2016-10-04 15:00:00,"AL142016",18.9,-74.3,125,150,950,15,360,9,25
"HURRICANE","MATTHEW","27",2016-10-04 21:00:00,"AL142016",19.8,-74.3,120,145,949,15,360,8,15
"HURRICANE","MATTHEW","28",2016-10-05 03:00:00,"AL142016",20.4,-74.4,115,140,950,15,350,7,25
"HURRICANE","MATTHEW","29",2016-10-05 09:00:00,"AL142016",21.1,-74.6,110,135,962,20,350,9,NA
"HURRICANE","MATTHEW","30",2016-10-05 15:00:00,"AL142016",21.8,-75.2,105,125,962,20,325,10,25
"HURRICANE","MATTHEW","31",2016-10-05 21:00:00,"AL142016",22.5,-75.7,105,130,963,20,320,10,15
"HURRICANE","MATTHEW","32",2016-10-06 03:00:00,"AL142016",23.4,-76.4,100,120,961,15,320,9,15
"HURRICANE","MATTHEW","33",2016-10-06 09:00:00,"AL142016",24.2,-77.1,110,135,944,15,320,10,15
"HURRICANE","MATTHEW","34",2016-10-06 15:00:00,"AL142016",25.1,-77.8,120,145,940,15,325,12,15
"HURRICANE","MATTHEW","35",2016-10-06 21:00:00,"AL142016",26.2,-78.6,120,145,938,15,325,11,15
"HURRICANE","MATTHEW","36",2016-10-07 03:00:00,"AL142016",27.1,-79.2,115,140,939,15,325,11,10
"HURRICANE","MATTHEW","37",2016-10-07 09:00:00,"AL142016",28.2,-80,105,130,938,15,330,11,35
"HURRICANE","MATTHEW","38",2016-10-07 15:00:00,"AL142016",29.4,-80.5,105,130,947,15,345,10,30
"HURRICANE","MATTHEW","39",2016-10-07 21:00:00,"AL142016",30.2,-80.7,95,115,948,15,360,10,20
"HURRICANE","MATTHEW","40",2016-10-08 03:00:00,"AL142016",31.2,-80.5,90,110,948,15,10,10,NA
"HURRICANE","MATTHEW","41",2016-10-08 09:00:00,"AL142016",32,-80.5,90,110,955,15,15,10,40
"HURRICANE","MATTHEW","42",2016-10-08 15:00:00,"AL142016",33,-79.4,65,80,967,15,55,10,NA
"HURRICANE","MATTHEW","43",2016-10-08 21:00:00,"AL142016",33.8,-78.2,65,80,977,15,70,11,15
"HURRICANE","MATTHEW","44",2016-10-09 03:00:00,"AL142016",34.1,-76.5,65,80,982,15,70,12,15
"POST-TROPICAL CYCLONE","MATTHEW","45",2016-10-09 09:00:00,"AL142016",34.9,-75.1,65,80,983,20,80,12,NA
"POST-TROPICAL CYCLONE","MATTHEW","46",2016-10-09 15:00:00,"AL142016",35.2,-73.7,65,80,984,25,80,13,NA
"POST-TROPICAL CYCLONE","MATTHEW","47",2016-10-09 21:00:00,"AL142016",35.4,-72,65,80,988,25,75,13,NA
"TROPICAL STORM","NICOLE","1",2016-10-04 15:00:00,"AL152016",23.8,-60.4,45,55,1005,30,310,7,NA
"TROPICAL STORM","NICOLE","2",2016-10-04 21:00:00,"AL152016",24.1,-61.1,45,55,1005,30,305,8,NA
"TROPICAL STORM","NICOLE","3",2016-10-05 03:00:00,"AL152016",24.2,-61.3,45,55,1005,30,300,5,NA
"TROPICAL STORM","NICOLE","4",2016-10-05 09:00:00,"AL152016",24.3,-61.8,45,55,1005,30,300,5,NA
"TROPICAL STORM","NICOLE","5",2016-10-05 15:00:00,"AL152016",25,-62.8,45,55,1004,30,300,7,NA
"TROPICAL STORM","NICOLE","6",2016-10-05 21:00:00,"AL152016",25.3,-63.5,50,60,1001,30,300,7,NA
"TROPICAL STORM","NICOLE","7",2016-10-06 03:00:00,"AL152016",26,-64.1,60,75,995,20,320,8,NA
"TROPICAL STORM","NICOLE","8",2016-10-06 09:00:00,"AL152016",26.5,-64.7,60,75,995,20,315,8,NA
"TROPICAL STORM","NICOLE","9",2016-10-06 15:00:00,"AL152016",26.8,-64.8,60,75,995,20,325,5,NA
"HURRICANE","NICOLE","10",2016-10-06 18:00:00,"AL152016",27.3,-65,70,85,985,20,325,7,NA
"HURRICANE","NICOLE","11",2016-10-06 21:00:00,"AL152016",27.5,-65.1,75,90,982,20,330,6,NA
"HURRICANE","NICOLE","12",2016-10-07 03:00:00,"AL152016",27.4,-65.2,90,110,968,20,360,0,NA
"HURRICANE","NICOLE","13",2016-10-07 09:00:00,"AL152016",27.3,-65.2,85,105,970,20,180,1,NA
"TROPICAL STORM","NICOLE","14",2016-10-07 15:00:00,"AL152016",27.5,-65.3,60,75,985,15,360,0,NA
"TROPICAL STORM","NICOLE","15",2016-10-07 21:00:00,"AL152016",27,-65.2,55,65,994,15,185,4,NA
"TROPICAL STORM","NICOLE","16",2016-10-08 03:00:00,"AL152016",26.3,-65.3,50,60,997,15,180,6,NA
"TROPICAL STORM","NICOLE","17",2016-10-08 09:00:00,"AL152016",25.9,-65.6,45,55,999,15,190,6,NA
"TROPICAL STORM","NICOLE","18",2016-10-08 15:00:00,"AL152016",25.2,-65.7,35,45,1005,15,190,6,NA
"TROPICAL STORM","NICOLE","19",2016-10-08 21:00:00,"AL152016",24.8,-65.8,45,55,999,15,195,5,NA
"TROPICAL STORM","NICOLE","20",2016-10-09 03:00:00,"AL152016",24.4,-65.7,45,55,999,15,180,4,NA
"TROPICAL STORM","NICOLE","21",2016-10-09 09:00:00,"AL152016",24.3,-65.7,45,55,999,25,360,0,NA
"TROPICAL STORM","NICOLE","22",2016-10-09 15:00:00,"AL152016",24,-65.4,50,60,996,20,360,0,NA
"TROPICAL STORM","NICOLE","23",2016-10-09 21:00:00,"AL152016",24.2,-65.3,55,65,989,20,360,0,NA
"TROPICAL STORM","NICOLE","24",2016-10-10 03:00:00,"AL152016",24.4,-65.3,55,65,989,20,360,2,NA
"TROPICAL STORM","NICOLE","25",2016-10-10 09:00:00,"AL152016",25,-65.2,55,65,989,20,360,6,NA
"TROPICAL STORM","NICOLE","26",2016-10-10 15:00:00,"AL152016",25.7,-65.2,50,60,992,20,360,5,NA
"TROPICAL STORM","NICOLE","27",2016-10-10 21:00:00,"AL152016",26.3,-65.4,50,60,992,20,355,5,NA
"TROPICAL STORM","NICOLE","28",2016-10-11 03:00:00,"AL152016",26.8,-65.5,50,60,992,20,350,5,NA
"TROPICAL STORM","NICOLE","29",2016-10-11 09:00:00,"AL152016",27.1,-65.9,50,60,992,20,335,4,NA
"TROPICAL STORM","NICOLE","30",2016-10-11 15:00:00,"AL152016",27.3,-65.9,55,65,990,20,335,4,NA
"HURRICANE","NICOLE","31",2016-10-11 21:00:00,"AL152016",27.4,-66.4,70,85,980,15,320,4,25
"HURRICANE","NICOLE","32",2016-10-12 03:00:00,"AL152016",27.3,-66.6,80,100,970,20,270,2,NA
"HURRICANE","NICOLE","33",2016-10-12 09:00:00,"AL152016",27.9,-67,85,105,970,20,340,6,20
"HURRICANE","NICOLE","34",2016-10-12 15:00:00,"AL152016",28.4,-66.9,85,105,969,15,350,6,30
"HURRICANE","NICOLE","35",2016-10-12 21:00:00,"AL152016",29.2,-66.6,95,115,962,15,10,9,30
"HURRICANE","NICOLE","36",2016-10-13 03:00:00,"AL152016",30.1,-66.4,115,140,950,10,20,10,30
"HURRICANE","NICOLE","37",2016-10-13 09:00:00,"AL152016",31.1,-65.8,115,140,952,10,25,13,NA
"HURRICANE","NICOLE","38",2016-10-13 15:00:00,"AL152016",32.3,-64.6,105,130,961,20,35,14,30
"HURRICANE","NICOLE","39",2016-10-13 21:00:00,"AL152016",33.6,-63.2,95,115,963,20,40,18,NA
"HURRICANE","NICOLE","40",2016-10-14 03:00:00,"AL152016",34.4,-61.2,85,105,967,30,60,18,NA
"HURRICANE","NICOLE","41",2016-10-14 09:00:00,"AL152016",35.4,-59.2,75,90,965,30,65,18,NA
"HURRICANE","NICOLE","42",2016-10-14 15:00:00,"AL152016",35.8,-58,70,85,968,30,60,16,NA
"HURRICANE","NICOLE","43",2016-10-14 21:00:00,"AL152016",36.5,-55.7,65,80,971,30,65,17,NA
"TROPICAL STORM","NICOLE","44",2016-10-15 03:00:00,"AL152016",37.4,-53.3,60,75,978,30,65,14,NA
"TROPICAL STORM","NICOLE","45",2016-10-15 09:00:00,"AL152016",38.1,-51.6,60,75,978,30,65,15,NA
"HURRICANE","NICOLE","46",2016-10-15 15:00:00,"AL152016",39,-50.3,75,90,960,30,75,11,NA
"HURRICANE","NICOLE","47",2016-10-15 21:00:00,"AL152016",39.4,-49.4,75,90,960,30,75,10,NA
"HURRICANE","NICOLE","48",2016-10-16 03:00:00,"AL152016",39.4,-48.3,75,90,958,30,80,9,NA
"HURRICANE","NICOLE","49",2016-10-16 09:00:00,"AL152016",39.2,-47.7,75,90,958,30,90,5,NA
"HURRICANE","NICOLE","50",2016-10-16 15:00:00,"AL152016",39.1,-46.6,75,90,958,30,110,6,NA
"HURRICANE","NICOLE","51",2016-10-16 21:00:00,"AL152016",39.7,-45.6,70,85,960,30,45,8,70
"HURRICANE","NICOLE","52",2016-10-17 03:00:00,"AL152016",40.5,-45.5,70,85,960,30,40,8,NA
"HURRICANE","NICOLE","53",2016-10-17 09:00:00,"AL152016",41,-45.2,65,80,960,30,35,8,NA
"HURRICANE","NICOLE","54",2016-10-17 15:00:00,"AL152016",41.4,-44.6,65,80,962,30,25,8,NA
"HURRICANE","NICOLE","55",2016-10-17 21:00:00,"AL152016",42.7,-42.6,65,80,962,30,40,22,NA
"TROPICAL STORM","NICOLE","56",2016-10-18 03:00:00,"AL152016",44.8,-41,60,75,968,20,35,22,NA
"POST-TROPICAL CYCLONE","NICOLE","57",2016-10-18 09:00:00,"AL152016",47.1,-39.5,55,65,969,20,30,27,NA
"TROPICAL DEPRESSION","SIXTEEN","1",2016-11-21 09:00:00,"AL162016",11.5,-79.4,30,40,1002,20,270,1,NA
"TROPICAL DEPRESSION","SIXTEEN","2",2016-11-21 15:00:00,"AL162016",11.5,-79.3,30,40,1002,20,NA,NA,NA
"TROPICAL STORM","OTTO","3",2016-11-21 18:00:00,"AL162016",11.5,-79.3,45,55,1000,20,360,0,NA
"TROPICAL STORM","OTTO","4",2016-11-21 21:00:00,"AL162016",11.3,-79.2,45,55,1000,20,360,0,NA
"TROPICAL STORM","OTTO","5",2016-11-22 03:00:00,"AL162016",10.9,-79.1,50,60,998,15,180,2,NA
"TROPICAL STORM","OTTO","6",2016-11-22 09:00:00,"AL162016",10.7,-79,50,60,998,20,360,0,NA
"TROPICAL STORM","OTTO","7",2016-11-22 15:00:00,"AL162016",10.4,-79.2,60,75,986,10,360,0,20
"HURRICANE","OTTO","8",2016-11-22 21:00:00,"AL162016",10.5,-79.6,65,80,984,10,275,2,NA
"HURRICANE","OTTO","9",2016-11-23 03:00:00,"AL162016",10.7,-79.8,65,80,988,10,285,3,20
"HURRICANE","OTTO","10",2016-11-23 09:00:00,"AL162016",10.9,-80.4,65,80,988,20,290,4,NA
"TROPICAL STORM","OTTO","11",2016-11-23 15:00:00,"AL162016",11.1,-80.7,60,75,994,15,290,4,NA
"TROPICAL STORM","OTTO","12",2016-11-23 21:00:00,"AL162016",11.2,-81.3,60,75,994,15,280,6,NA
"HURRICANE","OTTO","13",2016-11-24 03:00:00,"AL162016",11.2,-82.2,75,90,981,15,275,8,10
"HURRICANE","OTTO","14",2016-11-24 09:00:00,"AL162016",11.2,-82.9,75,90,981,15,270,7,NA
"HURRICANE","OTTO","15",2016-11-24 15:00:00,"AL162016",11,-83.4,95,115,975,15,270,8,15
"HURRICANE","OTTO","16",2016-11-24 21:00:00,"AL162016",11,-84.3,85,105,979,15,270,10,NA
"TROPICAL STORM","OTTO","17",2016-11-25 03:00:00,"AL162016",10.9,-85.6,60,75,990,15,265,11,20
"TROPICAL STORM","OTTO","18",2016-11-25 09:00:00,"EP222016",10.5,-86.9,50,60,998,40,265,12,NA
"TROPICAL STORM","OTTO","19",2016-11-25 15:00:00,"EP222016",10.3,-88.2,55,65,994,40,265,14,NA
"TROPICAL STORM","OTTO","20",2016-11-25 21:00:00,"EP222016",9.9,-89.3,50,60,996,40,260,14,NA
"TROPICAL STORM","OTTO","21",2016-11-26 03:00:00,"EP222016",9.7,-90.7,50,60,997,30,255,14,NA
"TROPICAL STORM","OTTO","22",2016-11-26 09:00:00,"EP222016",9.2,-92.5,45,55,1000,30,260,16,NA
"TROPICAL STORM","OTTO","23",2016-11-26 15:00:00,"EP222016",9,-94,40,50,1000,30,260,14,NA
"REMNANTS OF","OTTO","24",2016-11-26 21:00:00,"EP222016",8.7,-96,30,40,1008,30,260,14,NA
"TROPICAL DEPRESSION","ONE-E","1",2016-06-06 21:00:00,"EP012016",14.2,-97,30,40,1006,30,45,6,NA
"TROPICAL DEPRESSION","ONE-E","2",2016-06-07 03:00:00,"EP012016",14.5,-95.9,30,40,1006,45,45,6,NA
"TROPICAL DEPRESSION","ONE-E","3",2016-06-07 09:00:00,"EP012016",14.6,-95.4,30,40,1008,45,70,6,NA
"TROPICAL DEPRESSION","ONE-E","4",2016-06-07 15:00:00,"EP012016",15.3,-95,30,40,1006,45,60,6,NA
"TROPICAL DEPRESSION","ONE-E","5",2016-06-07 21:00:00,"EP012016",15.5,-94.7,30,40,1006,40,50,5,NA
"TROPICAL DEPRESSION","ONE-E","6",2016-06-08 03:00:00,"EP012016",15.9,-94.6,25,35,1006,40,45,3,NA
"TROPICAL DEPRESSION","ONE-E","7",2016-06-08 09:00:00,"EP012016",16.1,-94.8,25,35,1006,20,360,2,NA
"REMNANTS OF","ONE-E","8",2016-06-08 15:00:00,"EP012016",16.4,-94.8,20,30,1008,30,360,3,NA
"TROPICAL DEPRESSION","TWO-E","1",2016-07-02 03:00:00,"EP022016",14.7,-116.9,25,35,1007,15,300,8,NA
"TROPICAL DEPRESSION","TWO-E","2",2016-07-02 09:00:00,"EP022016",15,-117.8,30,40,1006,20,295,9,NA
"TROPICAL STORM","AGATHA","3",2016-07-02 15:00:00,"EP022016",15.6,-118.9,35,45,1005,20,295,10,NA
"TROPICAL STORM","AGATHA","4",2016-07-02 21:00:00,"EP022016",16.1,-120.1,35,45,1005,20,295,10,NA
"TROPICAL STORM","AGATHA","5",2016-07-03 03:00:00,"EP022016",16.6,-121.6,35,45,1005,20,290,13,NA
"TROPICAL STORM","AGATHA","6",2016-07-03 09:00:00,"EP022016",17,-122.8,40,50,1003,20,290,12,NA
"TROPICAL STORM","AGATHA","7",2016-07-03 15:00:00,"EP022016",17.3,-123.6,40,50,1003,25,290,11,NA
"TROPICAL STORM","AGATHA","8",2016-07-03 21:00:00,"EP022016",17.7,-125.1,40,50,1003,20,285,12,NA
"TROPICAL STORM","AGATHA","9",2016-07-04 03:00:00,"EP022016",18,-125.8,35,45,1005,20,285,10,NA
"TROPICAL STORM","AGATHA","10",2016-07-04 09:00:00,"EP022016",18.1,-127.1,35,45,1005,15,280,11,NA
"TROPICAL STORM","AGATHA","11",2016-07-04 15:00:00,"EP022016",18.4,-128.2,35,45,1005,25,280,11,NA
"TROPICAL DEPRESSION","AGATHA","12",2016-07-04 21:00:00,"EP022016",18.8,-129.4,30,40,1006,20,280,11,NA
"POST-TROPICAL CYCLONE","AGATHA","13",2016-07-05 03:00:00,"EP022016",19.3,-130.4,30,40,1008,25,280,10,NA
"TROPICAL DEPRESSION","THREE-E","1",2016-07-03 03:00:00,"EP032016",11.1,-108.3,30,40,1007,30,280,10,NA
"TROPICAL STORM","BLAS","2",2016-07-03 09:00:00,"EP032016",11.7,-109.7,35,45,1005,30,285,12,NA
"TROPICAL STORM","BLAS","3",2016-07-03 15:00:00,"EP032016",11.6,-110.3,50,60,1001,25,285,11,NA
"TROPICAL STORM","BLAS","4",2016-07-03 21:00:00,"EP032016",12.2,-111.4,55,65,1001,25,285,11,NA
"TROPICAL STORM","BLAS","5",2016-07-04 03:00:00,"EP032016",12.4,-112.2,55,65,1001,25,285,10,NA
"TROPICAL STORM","BLAS","6",2016-07-04 09:00:00,"EP032016",12.7,-113.2,60,75,999,25,285,10,NA
"HURRICANE","BLAS","7",2016-07-04 15:00:00,"EP032016",13.3,-114.4,65,80,994,25,285,11,NA
"HURRICANE","BLAS","8",2016-07-04 21:00:00,"EP032016",13.7,-115.7,65,80,994,25,290,12,NA
"HURRICANE","BLAS","9",2016-07-05 03:00:00,"EP032016",14,-116.8,75,90,984,25,290,12,NA
"HURRICANE","BLAS","10",2016-07-05 09:00:00,"EP032016",14.2,-118.1,85,105,978,20,285,12,NA
"HURRICANE","BLAS","11",2016-07-05 15:00:00,"EP032016",14.1,-119.5,95,115,970,15,280,12,NA
"HURRICANE","BLAS","12",2016-07-05 21:00:00,"EP032016",14.3,-120.9,110,135,954,10,275,14,20
"HURRICANE","BLAS","13",2016-07-06 03:00:00,"EP032016",14.4,-121.7,120,145,947,10,275,11,15
"HURRICANE","BLAS","14",2016-07-06 09:00:00,"EP032016",14.7,-122.7,110,135,956,10,280,10,20
"HURRICANE","BLAS","15",2016-07-06 15:00:00,"EP032016",15,-123.6,110,135,956,10,285,10,25
"HURRICANE","BLAS","16",2016-07-06 21:00:00,"EP032016",15.2,-124.7,110,135,956,10,285,10,NA
"HURRICANE","BLAS","17",2016-07-07 03:00:00,"EP032016",15.7,-125.4,110,135,956,10,290,10,25
"HURRICANE","BLAS","18",2016-07-07 09:00:00,"EP032016",15.9,-126.4,110,135,956,10,290,9,20
"HURRICANE","BLAS","19",2016-07-07 15:00:00,"EP032016",16.2,-127.1,105,130,958,10,290,9,NA
"HURRICANE","BLAS","20",2016-07-07 21:00:00,"EP032016",16.6,-127.8,100,120,964,10,290,9,NA
"HURRICANE","BLAS","21",2016-07-08 03:00:00,"EP032016",16.9,-128.6,95,115,968,10,295,8,NA
"HURRICANE","BLAS","22",2016-07-08 09:00:00,"EP032016",17.4,-129.4,90,110,972,25,300,9,NA
"HURRICANE","BLAS","23",2016-07-08 15:00:00,"EP032016",17.8,-130,85,105,974,20,300,9,20
"HURRICANE","BLAS","24",2016-07-08 21:00:00,"EP032016",18.5,-130.5,75,90,980,25,315,8,NA
"HURRICANE","BLAS","25",2016-07-09 03:00:00,"EP032016",19.2,-131,70,85,985,25,325,10,NA
"TROPICAL STORM","BLAS","26",2016-07-09 09:00:00,"EP032016",19.5,-131.7,60,75,992,25,310,8,NA
"TROPICAL STORM","BLAS","27",2016-07-09 15:00:00,"EP032016",20.1,-132.5,50,60,998,30,315,9,NA
"TROPICAL STORM","BLAS","28",2016-07-09 21:00:00,"EP032016",20.8,-133.5,40,50,1004,30,310,10,NA
"TROPICAL STORM","BLAS","29",2016-07-10 03:00:00,"EP032016",21.2,-134.5,35,45,1003,30,280,10,NA
"TROPICAL DEPRESSION","BLAS","30",2016-07-10 09:00:00,"EP032016",21.2,-135.2,30,40,1007,30,280,10,NA
"POST-TROPICAL CYCLONE","BLAS","31",2016-07-10 15:00:00,"EP032016",21.3,-136.3,30,40,1008,30,275,9,NA
"TROPICAL DEPRESSION","FOUR-E","1",2016-07-06 21:00:00,"EP042016",12.2,-109.1,30,40,1007,30,280,7,NA
"TROPICAL DEPRESSION","FOUR-E","2",2016-07-07 03:00:00,"EP042016",12.4,-109.9,30,40,1006,30,285,7,NA
"TROPICAL DEPRESSION","FOUR-E","3",2016-07-07 09:00:00,"EP042016",12.6,-110.2,30,40,1006,30,285,7,NA
"TROPICAL DEPRESSION","FOUR-E","4",2016-07-07 15:00:00,"EP042016",12.7,-110.8,30,40,1006,30,285,7,NA
"TROPICAL DEPRESSION","FOUR-E","5",2016-07-07 21:00:00,"EP042016",12.4,-111.7,30,40,1006,30,275,7,NA
"TROPICAL DEPRESSION","FOUR-E","6",2016-07-08 03:00:00,"EP042016",12.3,-111.7,30,40,1006,30,270,2,NA
"TROPICAL DEPRESSION","FOUR-E","7",2016-07-08 09:00:00,"EP042016",12.5,-112,30,40,1006,30,275,5,NA
"TROPICAL STORM","CELIA","8",2016-07-08 15:00:00,"EP042016",12.6,-112.8,40,50,1003,30,275,8,NA
"TROPICAL STORM","CELIA","9",2016-07-08 21:00:00,"EP042016",13,-113.2,40,50,1003,30,290,5,NA
"TROPICAL STORM","CELIA","10",2016-07-09 03:00:00,"EP042016",13.7,-114.1,40,50,1003,30,305,8,NA
"TROPICAL STORM","CELIA","11",2016-07-09 09:00:00,"EP042016",14.2,-115.8,35,45,1005,30,290,11,NA
"TROPICAL STORM","CELIA","12",2016-07-09 15:00:00,"EP042016",14.4,-117.2,50,60,997,20,280,13,NA
"TROPICAL STORM","CELIA","13",2016-07-09 21:00:00,"EP042016",14.3,-117.8,55,65,994,20,275,11,NA
"TROPICAL STORM","CELIA","14",2016-07-10 03:00:00,"EP042016",14.5,-118.9,55,65,994,20,275,10,NA
"TROPICAL STORM","CELIA","15",2016-07-10 09:00:00,"EP042016",14.8,-119.8,50,60,997,25,280,10,NA
"TROPICAL STORM","CELIA","16",2016-07-10 15:00:00,"EP042016",14.8,-121.3,60,75,991,20,275,12,NA
"HURRICANE","CELIA","17",2016-07-10 21:00:00,"EP042016",15,-122.5,70,85,988,20,275,12,NA
"HURRICANE","CELIA","18",2016-07-11 03:00:00,"EP042016",15,-123.5,70,85,988,20,270,11,NA
"HURRICANE","CELIA","19",2016-07-11 09:00:00,"EP042016",15,-124.5,75,90,983,15,270,11,NA
"HURRICANE","CELIA","20",2016-07-11 15:00:00,"EP042016",15.1,-125.5,80,100,977,15,275,11,25
"HURRICANE","CELIA","21",2016-07-11 21:00:00,"EP042016",15.2,-126.2,85,105,973,15,280,8,20
"HURRICANE","CELIA","22",2016-07-12 03:00:00,"EP042016",15.5,-127,85,105,972,15,285,9,NA
"HURRICANE","CELIA","23",2016-07-12 09:00:00,"EP042016",16.2,-127.9,85,105,972,15,300,9,NA
"HURRICANE","CELIA","24",2016-07-12 15:00:00,"EP042016",16.8,-128.5,80,100,978,15,310,10,25
"HURRICANE","CELIA","25",2016-07-12 21:00:00,"EP042016",17.4,-129.5,70,85,981,15,300,11,NA
"HURRICANE","CELIA","26",2016-07-13 03:00:00,"EP042016",18,-130.3,65,80,986,15,305,10,NA
"TROPICAL STORM","CELIA","27",2016-07-13 09:00:00,"EP042016",18.3,-131.2,60,75,987,20,300,10,NA
"TROPICAL STORM","CELIA","28",2016-07-13 15:00:00,"EP042016",19.1,-132.6,55,75,990,20,305,10,NA
"TROPICAL STORM","CELIA","29",2016-07-13 21:00:00,"EP042016",19.5,-133.8,45,55,1000,20,300,11,NA
"TROPICAL STORM","CELIA","30",2016-07-14 03:00:00,"EP042016",19.9,-134.7,45,55,1000,20,295,11,NA
"TROPICAL STORM","CELIA","31",2016-07-14 09:00:00,"EP042016",20.3,-135.8,45,55,1000,20,295,11,NA
"TROPICAL STORM","CELIA","32",2016-07-14 15:00:00,"EP042016",20.8,-136.7,45,55,1000,35,295,10,NA
"TROPICAL STORM","CELIA","33",2016-07-14 21:00:00,"EP042016",21.4,-138,45,55,1000,25,295,12,NA
"TROPICAL STORM","CELIA","34",2016-07-15 03:00:00,"EP042016",21.8,-139.1,45,55,1000,15,300,12,NA
"TROPICAL STORM","CELIA","35",2016-07-15 09:00:00,"EP042016",22,-140.2,40,50,1002,15,285,11,NA
"TROPICAL DEPRESSION","FIVE-E","1",2016-07-11 21:00:00,"EP052016",15.3,-106.3,30,40,1007,30,315,8,NA
"TROPICAL DEPRESSION","FIVE-E","2",2016-07-12 03:00:00,"EP052016",15.7,-106.9,30,40,1007,30,285,8,NA
"TROPICAL DEPRESSION","FIVE-E","3",2016-07-12 09:00:00,"EP052016",15.8,-107.6,30,40,1007,20,285,8,NA
"TROPICAL STORM","DARBY","4",2016-07-12 15:00:00,"EP052016",16,-108.5,35,45,1006,20,270,9,NA
"TROPICAL STORM","DARBY","5",2016-07-12 21:00:00,"EP052016",15.7,-109.8,45,55,1002,20,265,10,NA
"TROPICAL STORM","DARBY","6",2016-07-13 03:00:00,"EP052016",15.4,-110.4,55,65,1000,20,260,9,NA
"TROPICAL STORM","DARBY","7",2016-07-13 09:00:00,"EP052016",15.3,-111.5,60,75,998,20,270,10,NA
"TROPICAL STORM","DARBY","8",2016-07-13 15:00:00,"EP052016",15.2,-112.4,60,75,996,20,265,9,NA
"HURRICANE","DARBY","9",2016-07-13 21:00:00,"EP052016",15.4,-113.6,65,80,992,20,270,10,NA
"HURRICANE","DARBY","10",2016-07-14 03:00:00,"EP052016",15.6,-114.6,70,85,989,20,280,11,NA
"HURRICANE","DARBY","11",2016-07-14 09:00:00,"EP052016",15.7,-115.5,70,85,989,20,275,10,NA
"HURRICANE","DARBY","12",2016-07-14 15:00:00,"EP052016",15.9,-116.9,70,85,989,20,280,11,NA
"HURRICANE","DARBY","13",2016-07-14 21:00:00,"EP052016",15.9,-118.1,75,90,985,20,280,12,NA
"HURRICANE","DARBY","14",2016-07-15 03:00:00,"EP052016",16,-119.1,80,100,982,20,280,11,30
"HURRICANE","DARBY","15",2016-07-15 09:00:00,"EP052016",16.1,-120,80,100,982,15,280,10,25
"HURRICANE","DARBY","16",2016-07-15 15:00:00,"EP052016",16.5,-120.5,85,105,975,15,285,8,20
"HURRICANE","DARBY","17",2016-07-15 21:00:00,"EP052016",16.8,-121.4,90,110,972,10,290,8,20
"HURRICANE","DARBY","18",2016-07-16 03:00:00,"EP052016",17.3,-122.1,90,110,972,10,295,8,NA
"HURRICANE","DARBY","19",2016-07-16 09:00:00,"EP052016",17.6,-123.1,90,110,972,10,300,9,25
"HURRICANE","DARBY","20",2016-07-16 15:00:00,"EP052016",17.8,-123.9,90,110,972,10,290,9,20
"HURRICANE","DARBY","21",2016-07-16 21:00:00,"EP052016",18,-124.9,100,120,962,10,285,9,15
"HURRICANE","DARBY","22",2016-07-17 03:00:00,"EP052016",18.2,-125.8,90,110,970,15,285,8,NA
"HURRICANE","DARBY","23",2016-07-17 09:00:00,"EP052016",18.2,-126.6,85,105,974,15,280,8,15
"HURRICANE","DARBY","24",2016-07-17 15:00:00,"EP052016",18.3,-127.4,85,105,974,10,280,8,10
"HURRICANE","DARBY","25",2016-07-17 21:00:00,"EP052016",18.3,-128.3,80,100,978,15,275,8,NA
"HURRICANE","DARBY","26",2016-07-18 03:00:00,"EP052016",18.4,-129,80,100,978,15,275,8,NA
"HURRICANE","DARBY","27",2016-07-18 09:00:00,"EP052016",18.5,-130.2,70,85,985,10,275,9,NA
"HURRICANE","DARBY","28",2016-07-18 15:00:00,"EP052016",18.7,-131.1,65,80,988,10,280,9,NA
"HURRICANE","DARBY","29",2016-07-18 21:00:00,"EP052016",19,-132,65,80,988,10,280,10,NA
"HURRICANE","DARBY","30",2016-07-19 03:00:00,"EP052016",19.1,-133.2,65,80,988,20,280,11,NA
"HURRICANE","DARBY","31",2016-07-19 09:00:00,"EP052016",19.4,-134.4,65,80,988,20,285,11,NA
"TROPICAL STORM","DARBY","32",2016-07-19 15:00:00,"EP052016",19.8,-135.4,60,75,991,20,285,10,NA
"TROPICAL STORM","DARBY","33",2016-07-19 21:00:00,"EP052016",19.9,-136.6,55,65,994,20,280,11,NA
"TROPICAL STORM","DARBY","34",2016-07-20 03:00:00,"EP052016",20,-137.8,55,65,994,20,280,11,NA
"TROPICAL STORM","DARBY","35",2016-07-20 09:00:00,"EP052016",20,-138.9,55,65,994,20,270,11,NA
"TROPICAL STORM","DARBY","36",2016-07-20 15:00:00,"EP052016",19.9,-139.8,50,60,999,25,270,10,NA
"TROPICAL DEPRESSION","SIX-E","1",2016-07-15 15:00:00,"EP062016",14,-106.3,30,40,1007,40,290,7,NA
"TROPICAL DEPRESSION","SIX-E","2",2016-07-15 21:00:00,"EP062016",14.8,-107.2,30,40,1007,35,295,8,NA
"TROPICAL STORM","ESTELLE","3",2016-07-16 03:00:00,"EP062016",15.2,-108.3,35,45,1005,30,300,10,NA
"TROPICAL STORM","ESTELLE","4",2016-07-16 09:00:00,"EP062016",15.6,-109,40,50,1002,30,295,9,NA
"TROPICAL STORM","ESTELLE","5",2016-07-16 15:00:00,"EP062016",15.7,-109,45,55,1000,30,295,7,NA
"TROPICAL STORM","ESTELLE","6",2016-07-16 21:00:00,"EP062016",15.8,-109.7,45,55,1000,30,290,7,NA
"TROPICAL STORM","ESTELLE","7",2016-07-17 03:00:00,"EP062016",16.1,-110.4,45,55,1000,30,285,7,NA
"TROPICAL STORM","ESTELLE","8",2016-07-17 09:00:00,"EP062016",16.2,-111.1,50,60,998,30,285,8,NA
"TROPICAL STORM","ESTELLE","9",2016-07-17 15:00:00,"EP062016",16.3,-111.8,55,65,994,30,285,8,NA
"TROPICAL STORM","ESTELLE","10",2016-07-17 21:00:00,"EP062016",16.5,-112.5,60,75,991,25,285,8,NA
"TROPICAL STORM","ESTELLE","11",2016-07-18 03:00:00,"EP062016",17,-113.2,60,75,991,25,290,8,NA
"TROPICAL STORM","ESTELLE","12",2016-07-18 09:00:00,"EP062016",17.2,-114,60,75,991,25,290,8,NA
"TROPICAL STORM","ESTELLE","13",2016-07-18 15:00:00,"EP062016",17.7,-114.9,60,75,991,25,295,9,NA
"TROPICAL STORM","ESTELLE","14",2016-07-18 21:00:00,"EP062016",17.8,-115.8,60,75,991,25,290,9,NA
"TROPICAL STORM","ESTELLE","15",2016-07-19 03:00:00,"EP062016",18.3,-116.5,55,65,993,25,290,8,NA
"TROPICAL STORM","ESTELLE","16",2016-07-19 09:00:00,"EP062016",18.5,-117.6,55,65,993,25,285,9,NA
"TROPICAL STORM","ESTELLE","17",2016-07-19 15:00:00,"EP062016",18.8,-118.8,55,65,993,25,285,10,NA
"TROPICAL STORM","ESTELLE","18",2016-07-19 21:00:00,"EP062016",19,-119.8,55,65,993,25,285,10,NA
"TROPICAL STORM","ESTELLE","19",2016-07-20 03:00:00,"EP062016",19.1,-121,60,75,990,25,280,11,NA
"TROPICAL STORM","ESTELLE","20",2016-07-20 09:00:00,"EP062016",19,-122,60,75,990,25,270,10,NA
"TROPICAL STORM","ESTELLE","21",2016-07-20 15:00:00,"EP062016",19.2,-123.3,60,75,990,25,275,11,NA
"TROPICAL STORM","ESTELLE","22",2016-07-20 21:00:00,"EP062016",19.4,-124.4,60,75,990,25,280,11,NA
"TROPICAL STORM","ESTELLE","23",2016-07-21 03:00:00,"EP062016",19.5,-125.5,55,65,993,25,280,12,NA
"TROPICAL STORM","ESTELLE","24",2016-07-21 09:00:00,"EP062016",19.8,-126.9,50,60,996,25,285,13,NA
"TROPICAL STORM","ESTELLE","25",2016-07-21 15:00:00,"EP062016",20.1,-128.1,50,60,997,25,285,13,NA
"TROPICAL STORM","ESTELLE","26",2016-07-21 21:00:00,"EP062016",20.7,-129.7,45,55,1002,25,290,14,NA
"TROPICAL STORM","ESTELLE","27",2016-07-22 03:00:00,"EP062016",21,-130.9,40,50,1003,25,290,14,NA
"TROPICAL STORM","ESTELLE","28",2016-07-22 09:00:00,"EP062016",21.5,-132,35,45,1005,25,295,14,NA
"POST-TROPICAL CYCLONE","ESTELLE","29",2016-07-22 15:00:00,"EP062016",21.8,-133.5,35,45,1005,25,285,14,NA
"TROPICAL STORM","FRANK","1",2016-07-21 21:00:00,"EP072016",14.9,-104,40,50,1005,20,305,12,NA
"TROPICAL STORM","FRANK","2",2016-07-22 03:00:00,"EP072016",16.1,-105.2,45,55,1002,20,310,15,NA
"TROPICAL STORM","FRANK","3",2016-07-22 09:00:00,"EP072016",16.7,-106.3,45,55,1000,20,310,10,NA
"TROPICAL STORM","FRANK","4",2016-07-22 15:00:00,"EP072016",17.3,-107.4,45,55,1002,20,310,12,NA
"TROPICAL STORM","FRANK","5",2016-07-22 21:00:00,"EP072016",17.9,-108.2,45,55,1004,15,305,12,NA
"TROPICAL STORM","FRANK","6",2016-07-23 03:00:00,"EP072016",18.3,-109.3,55,65,998,20,295,10,NA
"TROPICAL STORM","FRANK","7",2016-07-23 09:00:00,"EP072016",18.5,-109.8,55,65,996,20,300,7,NA
"TROPICAL STORM","FRANK","8",2016-07-23 15:00:00,"EP072016",18.8,-110.2,55,65,996,20,295,7,NA
"TROPICAL STORM","FRANK","9",2016-07-23 21:00:00,"EP072016",19.1,-110.6,55,65,997,20,300,6,NA
"TROPICAL STORM","FRANK","10",2016-07-24 03:00:00,"EP072016",19.6,-111.1,55,65,996,20,305,7,NA
"TROPICAL STORM","FRANK","11",2016-07-24 09:00:00,"EP072016",19.9,-111.8,55,65,996,25,305,7,NA
"TROPICAL STORM","FRANK","12",2016-07-24 15:00:00,"EP072016",20.3,-112.4,55,65,996,20,295,6,NA
"TROPICAL STORM","FRANK","13",2016-07-24 21:00:00,"EP072016",20,-112.8,60,75,992,20,285,5,NA
"TROPICAL STORM","FRANK","14",2016-07-25 03:00:00,"EP072016",20,-113,60,75,992,20,275,4,NA
"TROPICAL STORM","FRANK","15",2016-07-25 09:00:00,"EP072016",20.1,-113.2,55,65,994,25,280,3,NA
"TROPICAL STORM","FRANK","16",2016-07-25 15:00:00,"EP072016",20.4,-113.9,55,65,994,25,280,5,NA
"TROPICAL STORM","FRANK","17",2016-07-25 21:00:00,"EP072016",20.6,-114.4,45,55,1000,25,285,5,NA
"TROPICAL STORM","FRANK","18",2016-07-26 03:00:00,"EP072016",20.8,-115,45,55,1000,25,285,6,NA
"TROPICAL STORM","FRANK","19",2016-07-26 09:00:00,"EP072016",21.1,-115.7,50,60,997,25,285,6,NA
"HURRICANE","FRANK","20",2016-07-26 15:00:00,"EP072016",21.2,-116.6,65,80,989,15,290,8,15
"HURRICANE","FRANK","21",2016-07-26 21:00:00,"EP072016",21.5,-117.6,70,85,986,15,285,9,NA
"HURRICANE","FRANK","22",2016-07-27 03:00:00,"EP072016",22,-118.7,75,90,979,15,290,10,NA
"HURRICANE","FRANK","23",2016-07-27 09:00:00,"EP072016",22.5,-119.7,70,85,985,20,295,10,NA
"TROPICAL STORM","FRANK","24",2016-07-27 15:00:00,"EP072016",22.7,-120.8,55,65,996,20,295,10,NA
"TROPICAL STORM","FRANK","25",2016-07-27 21:00:00,"EP072016",23.1,-121.8,50,60,999,20,295,9,NA
"TROPICAL STORM","FRANK","26",2016-07-28 03:00:00,"EP072016",23.4,-122.7,45,55,1000,20,300,7,NA
"TROPICAL STORM","FRANK","27",2016-07-28 09:00:00,"EP072016",23.6,-123.7,35,45,1005,40,290,8,NA
"TROPICAL DEPRESSION","FRANK","28",2016-07-28 15:00:00,"EP072016",23.7,-124.4,30,40,1006,30,290,7,NA
"POST-TROPICAL CYCLONE","FRANK","29",2016-07-28 21:00:00,"EP072016",24.1,-124.9,30,40,1006,30,295,6,NA
"TROPICAL DEPRESSION","EIGHT-E","1",2016-07-21 21:00:00,"EP082016",10.8,-114,30,40,1006,20,290,10,NA
"TROPICAL DEPRESSION","EIGHT-E","2",2016-07-22 03:00:00,"EP082016",11.6,-115,30,40,1006,20,295,11,NA
"TROPICAL DEPRESSION","EIGHT-E","3",2016-07-22 09:00:00,"EP082016",11.8,-116,30,40,1006,20,295,11,NA
"TROPICAL STORM","GEORGETTE","4",2016-07-22 15:00:00,"EP082016",12.3,-117.1,40,50,1004,20,295,11,NA
"TROPICAL STORM","GEORGETTE","5",2016-07-22 21:00:00,"EP082016",12.8,-118.4,55,65,999,20,295,13,NA
"TROPICAL STORM","GEORGETTE","6",2016-07-23 03:00:00,"EP082016",13.2,-119.4,55,65,999,20,290,11,NA
"TROPICAL STORM","GEORGETTE","7",2016-07-23 09:00:00,"EP082016",13.5,-120.3,55,65,999,25,290,11,NA
"TROPICAL STORM","GEORGETTE","8",2016-07-23 15:00:00,"EP082016",13.9,-121.4,55,65,999,25,290,11,NA
"TROPICAL STORM","GEORGETTE","9",2016-07-23 21:00:00,"EP082016",13.9,-122.3,60,75,996,20,285,10,NA
"HURRICANE","GEORGETTE","10",2016-07-24 03:00:00,"EP082016",14.2,-123.1,65,80,993,15,280,8,NA
"HURRICANE","GEORGETTE","11",2016-07-24 09:00:00,"EP082016",14.5,-123.9,70,85,988,20,290,9,NA
"HURRICANE","GEORGETTE","12",2016-07-24 15:00:00,"EP082016",15.1,-124.6,75,90,984,20,295,9,NA
"HURRICANE","GEORGETTE","13",2016-07-24 21:00:00,"EP082016",15.7,-125.4,90,110,972,20,300,9,NA
"HURRICANE","GEORGETTE","14",2016-07-25 03:00:00,"EP082016",16.3,-126.1,115,140,952,10,310,10,10
"HURRICANE","GEORGETTE","15",2016-07-25 09:00:00,"EP082016",16.9,-126.8,115,140,952,10,315,9,NA
"HURRICANE","GEORGETTE","16",2016-07-25 15:00:00,"EP082016",17.5,-127.3,105,130,961,15,315,8,NA
"HURRICANE","GEORGETTE","17",2016-07-25 21:00:00,"EP082016",18,-127.9,95,115,969,15,315,8,NA
"HURRICANE","GEORGETTE","18",2016-07-26 03:00:00,"EP082016",18.2,-128.2,85,105,976,15,310,6,NA
"HURRICANE","GEORGETTE","19",2016-07-26 09:00:00,"EP082016",18.5,-128.5,70,85,985,20,315,4,NA
"TROPICAL STORM","GEORGETTE","20",2016-07-26 15:00:00,"EP082016",18.4,-128.6,60,75,990,20,305,3,NA
"TROPICAL STORM","GEORGETTE","21",2016-07-26 21:00:00,"EP082016",18.4,-128.6,50,60,996,20,360,0,NA
"TROPICAL STORM","GEORGETTE","22",2016-07-27 03:00:00,"EP082016",18.8,-128.7,45,55,1001,20,335,3,NA
"TROPICAL STORM","GEORGETTE","23",2016-07-27 09:00:00,"EP082016",19.1,-129.2,35,45,1006,30,310,5,NA
"POST-TROPICAL CYCLONE","GEORGETTE","24",2016-07-27 15:00:00,"EP082016",19.5,-129.7,30,40,1007,30,300,8,NA
"TROPICAL DEPRESSION","NINE-E","1",2016-07-31 16:30:00,"EP092016",14.2,-120.5,30,35,1006,25,295,8,NA
"TROPICAL DEPRESSION","NINE-E","2",2016-07-31 21:00:00,"EP092016",15.4,-121.2,30,40,1006,30,295,9,NA
"TROPICAL DEPRESSION","NINE-E","3",2016-08-01 03:00:00,"EP092016",15.8,-122,30,40,1006,30,295,10,NA
"TROPICAL STORM","HOWARD","4",2016-08-01 09:00:00,"EP092016",16.1,-122.9,35,45,1005,25,295,10,NA
"TROPICAL STORM","HOWARD","5",2016-08-01 15:00:00,"EP092016",16.7,-123.6,45,55,1000,25,295,9,NA
"TROPICAL STORM","HOWARD","6",2016-08-01 21:00:00,"EP092016",17.2,-125.3,45,55,999,20,295,11,NA
"TROPICAL STORM","HOWARD","7",2016-08-02 03:00:00,"EP092016",17.7,-126.4,45,55,999,20,295,12,NA
"TROPICAL STORM","HOWARD","8",2016-08-02 09:00:00,"EP092016",18.3,-127.6,50,60,999,20,295,13,NA
"TROPICAL STORM","HOWARD","9",2016-08-02 15:00:00,"EP092016",18.8,-128.9,50,60,999,20,295,13,NA
"TROPICAL STORM","HOWARD","10",2016-08-02 21:00:00,"EP092016",19.3,-130.2,50,60,999,20,295,15,NA
"TROPICAL STORM","HOWARD","11",2016-08-03 03:00:00,"EP092016",20.1,-131.3,45,55,1003,30,300,13,NA
"TROPICAL STORM","HOWARD","12",2016-08-03 09:00:00,"EP092016",20.3,-132.6,40,50,1005,30,290,13,NA
"TROPICAL STORM","HOWARD","13",2016-08-03 15:00:00,"EP092016",21.1,-133.8,35,45,1006,25,295,12,NA
"POST-TROPICAL CYCLONE","HOWARD","14",2016-08-03 21:00:00,"EP092016",21.3,-135.2,30,40,1007,25,290,14,NA
"TROPICAL DEPRESSION","TEN-E","1",2016-08-02 21:00:00,"EP102016",13.3,-115.7,30,40,1008,20,290,15,NA
"TROPICAL DEPRESSION","TEN-E","2",2016-08-03 03:00:00,"EP102016",13.9,-117.8,30,40,1006,20,290,17,NA
"TROPICAL STORM","IVETTE","3",2016-08-03 09:00:00,"EP102016",14.2,-119.2,35,45,1005,30,285,17,NA
"TROPICAL STORM","IVETTE","4",2016-08-03 15:00:00,"EP102016",14.6,-120.4,40,50,1004,25,285,15,NA
"TROPICAL STORM","IVETTE","5",2016-08-03 21:00:00,"EP102016",14.9,-122,40,50,1004,20,285,15,NA
"TROPICAL STORM","IVETTE","6",2016-08-04 03:00:00,"EP102016",14.6,-123.4,40,50,1004,15,275,14,NA
"TROPICAL STORM","IVETTE","7",2016-08-04 09:00:00,"EP102016",14.7,-124.7,40,50,1004,30,275,13,NA
"TROPICAL STORM","IVETTE","8",2016-08-04 15:00:00,"EP102016",15.1,-126.2,40,50,1004,25,280,13,NA
"TROPICAL STORM","IVETTE","9",2016-08-04 21:00:00,"EP102016",14.7,-127.3,45,55,1002,15,270,12,NA
"TROPICAL STORM","IVETTE","10",2016-08-05 03:00:00,"EP102016",14.8,-128.7,45,55,1002,15,270,12,NA
"TROPICAL STORM","IVETTE","11",2016-08-05 09:00:00,"EP102016",14.9,-129.7,45,55,1002,30,275,12,NA
"TROPICAL STORM","IVETTE","12",2016-08-05 15:00:00,"EP102016",15.1,-130.8,45,55,1002,30,275,11,NA
"TROPICAL STORM","IVETTE","13",2016-08-05 21:00:00,"EP102016",15.5,-131.8,50,60,1000,25,280,11,NA
"TROPICAL STORM","IVETTE","14",2016-08-06 03:00:00,"EP102016",15.4,-132.6,50,60,1000,15,275,9,NA
"TROPICAL STORM","IVETTE","15",2016-08-06 09:00:00,"EP102016",15.8,-133.6,50,60,1001,15,280,9,NA
"TROPICAL STORM","IVETTE","16",2016-08-06 15:00:00,"EP102016",16.1,-134.5,45,55,1003,20,285,9,NA
"TROPICAL STORM","IVETTE","17",2016-08-06 21:00:00,"EP102016",16.3,-135.5,45,55,1003,20,285,10,NA
"TROPICAL STORM","IVETTE","18",2016-08-07 03:00:00,"EP102016",16.7,-136.4,40,50,1005,20,290,10,NA
"TROPICAL STORM","IVETTE","19",2016-08-07 09:00:00,"EP102016",16.9,-137.3,40,50,1005,20,290,10,NA
"TROPICAL STORM","IVETTE","20",2016-08-07 15:00:00,"EP102016",17.2,-138.4,40,50,1005,20,290,10,NA
"TROPICAL STORM","IVETTE","21",2016-08-07 21:00:00,"EP102016",17.3,-139,35,45,1006,20,290,9,NA
"TROPICAL DEPRESSION","IVETTE","22",2016-08-08 03:00:00,"EP102016",17.2,-139.8,30,40,1006,20,275,8,NA
"TROPICAL DEPRESSION","ELEVEN-E","1",2016-08-07 09:00:00,"EP112016",18,-104.3,30,40,1002,45,290,9,NA
"TROPICAL DEPRESSION","ELEVEN-E","2",2016-08-07 15:00:00,"EP112016",18.7,-105,30,40,1002,50,300,9,NA
"TROPICAL STORM","JAVIER","3",2016-08-07 21:00:00,"EP112016",19.5,-106.6,40,50,1000,40,300,12,NA
"TROPICAL STORM","JAVIER","4",2016-08-08 03:00:00,"EP112016",20.6,-107.7,45,55,999,40,310,11,NA
"TROPICAL STORM","JAVIER","5",2016-08-08 09:00:00,"EP112016",21.5,-108.3,45,55,999,40,315,11,NA
"TROPICAL STORM","JAVIER","6",2016-08-08 15:00:00,"EP112016",22,-109.2,45,55,999,40,310,9,NA
"TROPICAL STORM","JAVIER","7",2016-08-08 21:00:00,"EP112016",22.5,-109.6,55,65,998,20,315,8,NA
"TROPICAL STORM","JAVIER","8",2016-08-09 03:00:00,"EP112016",22.5,-109.7,50,60,999,20,315,4,NA
"TROPICAL STORM","JAVIER","9",2016-08-09 09:00:00,"EP112016",23.3,-110.4,40,50,1003,60,315,6,NA
"TROPICAL DEPRESSION","JAVIER","10",2016-08-09 15:00:00,"EP112016",23.8,-111.2,30,40,1006,50,310,6,NA
"POST-TROPICAL CYCLONE","JAVIER","11",2016-08-09 21:00:00,"EP112016",24.6,-112,25,35,1007,50,310,9,NA
"TROPICAL DEPRESSION","TWELVE-E","1",2016-08-18 21:00:00,"EP122016",17.8,-110.1,30,40,1005,30,315,6,NA
"TROPICAL DEPRESSION","TWELVE-E","2",2016-08-19 03:00:00,"EP122016",17.8,-110.4,30,40,1005,30,315,6,NA
"TROPICAL STORM","KAY","3",2016-08-19 09:00:00,"EP122016",18.4,-110.9,35,45,1005,30,315,6,NA
"TROPICAL STORM","KAY","4",2016-08-19 15:00:00,"EP122016",19.1,-111.5,35,45,1002,30,320,7,NA
"TROPICAL STORM","KAY","5",2016-08-19 21:00:00,"EP122016",18.8,-111.7,40,50,1001,30,310,6,NA
"TROPICAL STORM","KAY","6",2016-08-20 03:00:00,"EP122016",19.2,-112.4,45,50,1000,30,305,6,NA
"TROPICAL STORM","KAY","7",2016-08-20 09:00:00,"EP122016",19.5,-113,45,55,1000,30,310,5,NA
"TROPICAL STORM","KAY","8",2016-08-20 15:00:00,"EP122016",20.2,-112.6,45,55,1000,30,345,5,NA
"TROPICAL STORM","KAY","9",2016-08-20 21:00:00,"EP122016",20.3,-113.1,45,55,1000,30,320,5,NA
"TROPICAL STORM","KAY","10",2016-08-21 03:00:00,"EP122016",20.6,-113.3,45,55,1000,30,305,5,NA
"TROPICAL STORM","KAY","11",2016-08-21 09:00:00,"EP122016",20.9,-114.1,35,45,1005,30,305,6,NA
"TROPICAL STORM","KAY","12",2016-08-21 15:00:00,"EP122016",21.2,-114.6,40,50,1002,25,305,6,NA
"TROPICAL STORM","KAY","13",2016-08-21 21:00:00,"EP122016",21.5,-115.3,45,55,1000,20,300,7,NA
"TROPICAL STORM","KAY","14",2016-08-22 03:00:00,"EP122016",21.8,-115.9,45,55,1000,25,300,6,NA
"TROPICAL STORM","KAY","15",2016-08-22 09:00:00,"EP122016",22.2,-116.6,45,55,1000,25,300,7,NA
"TROPICAL STORM","KAY","16",2016-08-22 15:00:00,"EP122016",22,-117.1,40,50,1002,25,280,6,NA
"TROPICAL STORM","KAY","17",2016-08-22 21:00:00,"EP122016",22,-118,35,45,1004,20,275,7,NA
"TROPICAL STORM","KAY","18",2016-08-23 03:00:00,"EP122016",22,-118.8,35,45,1004,25,270,7,NA
"TROPICAL DEPRESSION","KAY","19",2016-08-23 09:00:00,"EP122016",22,-119.3,30,40,1006,25,275,7,NA
"TROPICAL DEPRESSION","KAY","20",2016-08-23 15:00:00,"EP122016",22.7,-120.1,30,40,1007,25,295,7,NA
"POST-TROPICAL CYCLONE","KAY","21",2016-08-23 21:00:00,"EP122016",23.5,-121.1,30,40,1008,25,310,9,NA
"TROPICAL DEPRESSION","THIRTEEN-E","1",2016-08-24 21:00:00,"EP132016",15.2,-109.9,30,40,1006,30,290,12,NA
"TROPICAL DEPRESSION","THIRTEEN-E","2",2016-08-25 03:00:00,"EP132016",15.7,-110.9,30,40,1006,30,295,10,NA
"TROPICAL STORM","LESTER","3",2016-08-25 09:00:00,"EP132016",16.2,-111.6,35,45,1005,30,295,10,NA
"TROPICAL STORM","LESTER","4",2016-08-25 15:00:00,"EP132016",16.6,-112.5,45,55,1002,25,295,10,NA
"TROPICAL STORM","LESTER","5",2016-08-25 21:00:00,"EP132016",16.9,-113.4,50,60,1000,25,295,9,NA
"TROPICAL STORM","LESTER","6",2016-08-26 03:00:00,"EP132016",17,-113.8,50,60,1000,25,270,5,NA
"TROPICAL STORM","LESTER","7",2016-08-26 09:00:00,"EP132016",16.9,-114.5,50,60,1000,20,280,6,NA
"TROPICAL STORM","LESTER","8",2016-08-26 15:00:00,"EP132016",17.1,-115,50,60,1000,30,280,6,NA
"TROPICAL STORM","LESTER","9",2016-08-26 21:00:00,"EP132016",17.6,-115.8,60,75,995,20,285,8,NA
"HURRICANE","LESTER","10",2016-08-27 03:00:00,"EP132016",17.9,-116.5,65,80,987,20,280,8,NA
"HURRICANE","LESTER","11",2016-08-27 09:00:00,"EP132016",17.9,-117.4,75,90,978,20,280,10,NA
"HURRICANE","LESTER","12",2016-08-27 15:00:00,"EP132016",18,-118.4,80,100,977,15,275,8,20
"HURRICANE","LESTER","13",2016-08-27 21:00:00,"EP132016",17.9,-119.6,90,110,973,15,270,11,NA
"HURRICANE","LESTER","14",2016-08-28 03:00:00,"EP132016",18,-120.8,90,110,973,15,270,11,NA
"HURRICANE","LESTER","15",2016-08-28 09:00:00,"EP132016",17.9,-122.2,85,105,978,20,270,12,NA
"HURRICANE","LESTER","16",2016-08-28 15:00:00,"EP132016",18.1,-123.7,75,90,979,20,270,11,NA
"HURRICANE","LESTER","17",2016-08-28 21:00:00,"EP132016",17.8,-124.7,75,90,979,20,270,11,NA
"HURRICANE","LESTER","18",2016-08-29 03:00:00,"EP132016",17.9,-126.4,75,90,979,20,270,12,NA
"HURRICANE","LESTER","19",2016-08-29 09:00:00,"EP132016",18,-127.8,100,120,965,15,270,13,NA
"HURRICANE","LESTER","20",2016-08-29 15:00:00,"EP132016",18.1,-129.2,110,135,957,15,270,13,NA
"HURRICANE","LESTER","21",2016-08-29 21:00:00,"EP132016",18,-130.5,115,140,951,15,270,12,NA
"HURRICANE","LESTER","22",2016-08-30 03:00:00,"EP132016",18.1,-131.8,120,145,947,10,270,13,20
"HURRICANE","LESTER","23",2016-08-30 09:00:00,"EP132016",18.2,-133.2,110,135,956,10,275,12,15
"HURRICANE","LESTER","24",2016-08-30 15:00:00,"EP132016",18.1,-134.4,105,130,961,10,270,12,15
"HURRICANE","LESTER","25",2016-08-30 21:00:00,"EP132016",17.8,-135.6,105,130,961,10,265,12,15
"HURRICANE","LESTER","26",2016-08-31 03:00:00,"EP132016",17.8,-136.5,120,145,948,10,260,11,NA
"HURRICANE","LESTER","27",2016-08-31 09:00:00,"EP132016",17.7,-137.5,120,145,948,10,265,10,NA
"HURRICANE","LESTER","28",2016-08-31 15:00:00,"EP132016",17.8,-138.6,115,140,954,10,270,10,15
"HURRICANE","LESTER","29",2016-08-31 21:00:00,"EP132016",18,-139.9,115,140,954,10,275,11,15
"TROPICAL DEPRESSION","FOURTEEN-E","1",2016-08-26 21:00:00,"EP142016",13.3,-136.5,30,40,1007,30,295,10,NA
"TROPICAL STORM","MADELINE","2",2016-08-27 03:00:00,"EP142016",13.9,-137.4,35,45,1006,30,295,10,NA
"TROPICAL STORM","MADELINE","3",2016-08-27 09:00:00,"EP142016",14.5,-138.4,45,55,1000,30,300,9,NA
"TROPICAL STORM","MADELINE","4",2016-08-27 15:00:00,"EP142016",15.2,-138.5,45,55,1000,30,310,8,NA
"TROPICAL STORM","MADELINE","5",2016-08-27 21:00:00,"EP142016",15.7,-139.3,50,60,997,30,305,9,NA
"TROPICAL STORM","MADELINE","6",2016-08-28 03:00:00,"EP142016",15.7,-140.1,50,60,998,30,285,7,NA
"TROPICAL DEPRESSION","FIFTEEN-E","1",2016-09-04 21:00:00,"EP152016",16,-105.4,30,40,1005,30,345,2,NA
"TROPICAL STORM","NEWTON","2",2016-09-05 03:00:00,"EP152016",17,-105.7,35,45,1000,25,340,7,NA
"TROPICAL STORM","NEWTON","3",2016-09-05 09:00:00,"EP152016",17.9,-106.1,40,50,998,25,340,9,NA
"TROPICAL STORM","NEWTON","4",2016-09-05 15:00:00,"EP152016",19.1,-107,50,60,991,20,330,13,NA
"HURRICANE","NEWTON","5",2016-09-05 21:00:00,"EP152016",20.3,-108.1,65,80,987,20,325,14,NA
"HURRICANE","NEWTON","6",2016-09-06 03:00:00,"EP152016",21.3,-109,80,100,979,20,325,14,NA
"HURRICANE","NEWTON","7",2016-09-06 09:00:00,"EP152016",22.8,-109.9,80,100,979,20,330,15,45
"HURRICANE","NEWTON","8",2016-09-06 15:00:00,"EP152016",24.1,-111.1,70,85,983,20,325,15,NA
"HURRICANE","NEWTON","9",2016-09-06 21:00:00,"EP152016",25.8,-111.5,65,80,986,20,345,16,NA
"HURRICANE","NEWTON","10",2016-09-07 03:00:00,"EP152016",27.3,-112,65,80,985,25,350,15,NA
"TROPICAL STORM","NEWTON","11",2016-09-07 09:00:00,"EP152016",28.7,-111.8,60,75,988,25,10,15,NA
"TROPICAL STORM","NEWTON","12",2016-09-07 15:00:00,"EP152016",30.2,-111.3,45,55,994,25,15,16,NA
"POST-TROPICAL CYCLONE","NEWTON","13",2016-09-07 21:00:00,"EP152016",31.6,-111.2,30,40,1008,25,15,16,NA
"TROPICAL DEPRESSION","SIXTEEN-E","1",2016-09-11 03:00:00,"EP162016",13.9,-114.9,30,40,1008,20,310,10,NA
"TROPICAL STORM","ORLENE","2",2016-09-11 09:00:00,"EP162016",14.8,-115.9,35,45,1006,20,315,11,NA
"TROPICAL STORM","ORLENE","3",2016-09-11 15:00:00,"EP162016",15.4,-116.8,40,50,1005,20,305,12,NA
"TROPICAL STORM","ORLENE","4",2016-09-11 21:00:00,"EP162016",16.3,-117.7,45,55,1003,15,310,12,NA
"TROPICAL STORM","ORLENE","5",2016-09-12 03:00:00,"EP162016",16.6,-118.3,55,65,1001,15,305,8,NA
"HURRICANE","ORLENE","6",2016-09-12 09:00:00,"EP162016",17.1,-119.1,70,85,990,15,305,8,NA
"HURRICANE","ORLENE","7",2016-09-12 15:00:00,"EP162016",17.4,-119.3,80,100,980,15,320,5,NA
"HURRICANE","ORLENE","8",2016-09-12 21:00:00,"EP162016",17.9,-119.2,95,115,967,15,350,5,NA
"HURRICANE","ORLENE","9",2016-09-13 03:00:00,"EP162016",18.7,-119.1,90,110,971,20,360,5,NA
"HURRICANE","ORLENE","10",2016-09-13 09:00:00,"EP162016",19.2,-118.9,90,110,971,20,360,4,NA
"HURRICANE","ORLENE","11",2016-09-13 15:00:00,"EP162016",19.8,-118.7,85,105,975,20,15,4,NA
"HURRICANE","ORLENE","12",2016-09-13 21:00:00,"EP162016",19.7,-118.7,75,90,980,20,15,2,NA
"HURRICANE","ORLENE","13",2016-09-14 03:00:00,"EP162016",20.4,-118.6,75,90,980,15,360,1,20
"HURRICANE","ORLENE","14",2016-09-14 09:00:00,"EP162016",20.2,-118.8,70,85,984,20,270,1,NA
"HURRICANE","ORLENE","15",2016-09-14 15:00:00,"EP162016",20.1,-119.1,70,85,984,20,270,2,NA
"HURRICANE","ORLENE","16",2016-09-14 21:00:00,"EP162016",20.2,-119.7,65,80,988,20,270,4,NA
"TROPICAL STORM","ORLENE","17",2016-09-15 03:00:00,"EP162016",20.4,-120.4,60,75,991,20,285,5,NA
"TROPICAL STORM","ORLENE","18",2016-09-15 09:00:00,"EP162016",20.1,-121.2,60,75,991,15,275,6,NA
"HURRICANE","ORLENE","19",2016-09-15 15:00:00,"EP162016",20.1,-122,70,85,985,15,260,8,NA
"HURRICANE","ORLENE","20",2016-09-15 21:00:00,"EP162016",19.8,-122.9,65,80,990,20,260,9,NA
"TROPICAL STORM","ORLENE","21",2016-09-16 03:00:00,"EP162016",19.7,-123.8,55,65,998,20,260,11,NA
"TROPICAL STORM","ORLENE","22",2016-09-16 09:00:00,"EP162016",19.9,-125.2,45,55,1002,20,270,10,NA
"TROPICAL STORM","ORLENE","23",2016-09-16 15:00:00,"EP162016",19.8,-125.9,40,50,1003,20,270,10,NA
"TROPICAL STORM","ORLENE","24",2016-09-16 21:00:00,"EP162016",19.9,-126.7,35,45,1005,20,270,9,NA
"POST-TROPICAL CYCLONE","ORLENE","25",2016-09-17 03:00:00,"EP162016",20.1,-127.7,30,40,1006,10,275,8,NA
"TROPICAL DEPRESSION","SEVENTEEN-E","1",2016-09-18 03:00:00,"EP172016",16.7,-110,30,40,1005,40,305,14,NA
"TROPICAL STORM","PAINE","2",2016-09-18 09:00:00,"EP172016",17.3,-110.7,35,45,1003,30,310,12,NA
"TROPICAL STORM","PAINE","3",2016-09-18 15:00:00,"EP172016",17.5,-111.4,35,45,1003,40,305,11,NA
"TROPICAL STORM","PAINE","4",2016-09-18 21:00:00,"EP172016",18.5,-112.9,50,60,998,30,310,12,NA
"TROPICAL STORM","PAINE","5",2016-09-19 03:00:00,"EP172016",19.5,-113.8,60,75,992,30,315,13,NA
"HURRICANE","PAINE","6",2016-09-19 09:00:00,"EP172016",20.6,-114.6,65,80,989,20,315,13,NA
"HURRICANE","PAINE","7",2016-09-19 15:00:00,"EP172016",22,-115.4,75,90,981,15,325,14,NA
"HURRICANE","PAINE","8",2016-09-19 21:00:00,"EP172016",22.8,-116.2,80,100,979,10,325,14,NA
"HURRICANE","PAINE","9",2016-09-20 03:00:00,"EP172016",23.8,-116.7,70,85,984,25,345,11,NA
"TROPICAL STORM","PAINE","10",2016-09-20 09:00:00,"EP172016",24.8,-116.8,50,60,997,30,360,11,NA
"TROPICAL STORM","PAINE","11",2016-09-20 15:00:00,"EP172016",26.1,-117,40,50,1002,30,360,12,NA
"TROPICAL DEPRESSION","PAINE","12",2016-09-20 21:00:00,"EP172016",27.2,-116.9,30,40,1005,20,5,13,NA
"POST-TROPICAL CYCLONE","PAINE","13",2016-09-21 03:00:00,"EP172016",28,-116.5,30,40,1006,25,10,10,NA
"TROPICAL DEPRESSION","EIGHTEEN-E","1",2016-09-25 17:00:00,"EP182016",15.6,-119.7,30,40,1006,30,360,5,NA
"TROPICAL DEPRESSION","EIGHTEEN-E","2",2016-09-25 21:00:00,"EP182016",16.1,-119.6,30,40,1005,20,360,5,NA
"TROPICAL DEPRESSION","EIGHTEEN-E","3",2016-09-26 03:00:00,"EP182016",16.7,-120.1,30,40,1005,20,345,6,NA
"TROPICAL STORM","ROSLYN","4",2016-09-26 09:00:00,"EP182016",16.8,-119.5,35,45,1005,20,20,4,NA
"TROPICAL STORM","ROSLYN","5",2016-09-26 15:00:00,"EP182016",17,-119.4,35,45,1005,25,15,4,NA
"TROPICAL STORM","ROSLYN","6",2016-09-26 21:00:00,"EP182016",16.8,-118.8,45,55,1000,25,40,3,NA
"TROPICAL STORM","ROSLYN","7",2016-09-27 03:00:00,"EP182016",17.2,-118.4,45,55,1000,25,60,4,NA
"TROPICAL STORM","ROSLYN","8",2016-09-27 09:00:00,"EP182016",17.8,-117.7,40,50,1003,20,50,6,NA
"TROPICAL STORM","ROSLYN","9",2016-09-27 15:00:00,"EP182016",18.3,-117.3,40,50,1003,20,45,6,NA
"TROPICAL STORM","ROSLYN","10",2016-09-27 21:00:00,"EP182016",18.8,-116.6,40,50,1003,20,50,8,NA
"TROPICAL STORM","ROSLYN","11",2016-09-28 03:00:00,"EP182016",19.5,-115.9,35,45,1004,20,40,8,NA
"TROPICAL STORM","ROSLYN","12",2016-09-28 09:00:00,"EP182016",20.2,-115.5,35,45,1005,20,25,8,NA
"TROPICAL DEPRESSION","ROSLYN","13",2016-09-28 15:00:00,"EP182016",21,-115.2,30,40,1007,20,35,9,NA
"TROPICAL DEPRESSION","ROSLYN","14",2016-09-28 21:00:00,"EP182016",21.6,-115.2,30,40,1007,20,360,6,NA
"TROPICAL DEPRESSION","ROSLYN","15",2016-09-29 03:00:00,"EP182016",22.1,-115.1,30,40,1007,20,360,5,NA
"TROPICAL DEPRESSION","ROSLYN","16",2016-09-29 09:00:00,"EP182016",22.7,-115.3,25,35,1008,20,345,6,NA
"POST-TROPICAL CYCLONE","ROSLYN","17",2016-09-29 15:00:00,"EP182016",23.5,-115.5,25,35,1009,20,345,6,NA
"TROPICAL DEPRESSION","NINETEEN-E","1",2016-09-26 15:00:00,"EP192016",11.6,-139.6,30,40,1005,25,305,4,NA
"TROPICAL DEPRESSION",NA,"2",2016-09-26 21:00:00,"EP192016",11.6,-140.4,30,40,1005,25,285,4,NA
"TROPICAL STORM","ULIKA","6",2016-09-27 21:00:00,"EP192016",12.7,-139.6,50,60,997,20,45,4,NA
"TROPICAL STORM","ULIKA","7",2016-09-28 03:00:00,"EP192016",13.3,-139.1,55,65,997,20,45,6,NA
"HURRICANE","ULIKA","8",2016-09-28 09:00:00,"EP192016",13.9,-139,65,80,992,20,30,6,NA
"TROPICAL STORM","ULIKA","9",2016-09-28 15:00:00,"EP192016",14.5,-138.7,60,75,995,25,30,6,NA
"TROPICAL STORM","ULIKA","10",2016-09-28 21:00:00,"EP192016",15.1,-138.7,50,60,1000,25,10,6,NA
"TROPICAL STORM","ULIKA","11",2016-09-29 03:00:00,"EP192016",15.8,-138.9,45,55,1001,25,360,6,NA
"TROPICAL STORM","ULIKA","12",2016-09-29 09:00:00,"EP192016",16,-139.1,45,55,1001,20,340,5,NA
"TROPICAL STORM","ULIKA","13",2016-09-29 15:00:00,"EP192016",16.7,-139.7,40,50,1003,20,320,6,NA
"TROPICAL DEPRESSION","TWENTY-E","1",2016-10-23 09:00:00,"EP202016",13.1,-103.6,30,40,1007,30,290,14,NA
"TROPICAL DEPRESSION","TWENTY-E","2",2016-10-23 15:00:00,"EP202016",13.5,-105,30,40,1007,30,290,14,NA
"TROPICAL STORM","SEYMOUR","3",2016-10-23 21:00:00,"EP202016",13.9,-105.9,35,45,1005,30,290,12,NA
"TROPICAL STORM","SEYMOUR","4",2016-10-24 03:00:00,"EP202016",14.4,-107.1,45,55,1002,20,290,13,NA
"TROPICAL STORM","SEYMOUR","5",2016-10-24 09:00:00,"EP202016",14.9,-108.5,55,65,999,20,290,13,NA
"HURRICANE","SEYMOUR","6",2016-10-24 15:00:00,"EP202016",15.2,-109.8,65,80,995,20,290,13,NA
"HURRICANE","SEYMOUR","7",2016-10-24 21:00:00,"EP202016",15.3,-111.3,85,105,984,10,285,14,NA
"HURRICANE","SEYMOUR","8",2016-10-25 03:00:00,"EP202016",15.5,-112.6,90,110,976,10,280,14,NA
"HURRICANE","SEYMOUR","9",2016-10-25 09:00:00,"EP202016",15.6,-113.8,100,120,970,10,280,13,10
"HURRICANE","SEYMOUR","10",2016-10-25 15:00:00,"EP202016",15.6,-115,110,135,961,10,275,12,15
"HURRICANE","SEYMOUR","11",2016-10-25 21:00:00,"EP202016",15.7,-116.4,115,140,954,10,275,12,15
"HURRICANE","SEYMOUR","12",2016-10-26 03:00:00,"EP202016",16.1,-117.7,130,160,943,10,285,13,10
"HURRICANE","SEYMOUR","13",2016-10-26 09:00:00,"EP202016",16.4,-119,130,160,943,15,290,12,15
"HURRICANE","SEYMOUR","14",2016-10-26 15:00:00,"EP202016",16.9,-120.2,120,150,949,10,290,13,15
"HURRICANE","SEYMOUR","15",2016-10-26 21:00:00,"EP202016",17.5,-121.2,110,135,958,15,300,11,NA
"HURRICANE","SEYMOUR","16",2016-10-27 03:00:00,"EP202016",18.7,-121.7,95,115,969,15,320,12,NA
"HURRICANE","SEYMOUR","17",2016-10-27 09:00:00,"EP202016",19.5,-122.1,80,100,980,25,335,10,NA
"HURRICANE","SEYMOUR","18",2016-10-27 15:00:00,"EP202016",20.2,-122.7,70,85,986,25,335,10,NA
"TROPICAL STORM","SEYMOUR","19",2016-10-27 21:00:00,"EP202016",21.2,-123.1,55,65,992,25,345,10,NA
"TROPICAL STORM","SEYMOUR","20",2016-10-28 03:00:00,"EP202016",22,-123,40,50,1000,15,360,9,NA
"POST-TROPICAL CYCLONE","SEYMOUR","21",2016-10-28 09:00:00,"EP202016",22.4,-122.8,30,40,1006,25,10,7,NA
"TROPICAL STORM","TINA","1",2016-11-14 03:00:00,"EP212016",18.5,-107.1,35,45,1005,25,350,3,NA
"TROPICAL STORM","TINA","2",2016-11-14 09:00:00,"EP212016",18.7,-108.1,35,45,1006,25,300,5,NA
"TROPICAL DEPRESSION","TINA","3",2016-11-14 15:00:00,"EP212016",19,-108.7,30,40,1007,25,290,6,NA
"TROPICAL DEPRESSION","TINA","4",2016-11-14 21:00:00,"EP212016",18.9,-109,30,40,1008,20,270,4,NA
"POST-TROPICAL CYCLONE","TINA","5",2016-11-15 03:00:00,"EP212016",18.9,-109.8,25,35,1009,20,270,6,NA
"TROPICAL DEPRESSION","SIXTEEN","1",2016-11-21 09:00:00,"AL162016",11.5,-79.4,30,40,1002,20,270,1,NA
"TROPICAL DEPRESSION","SIXTEEN","2",2016-11-21 15:00:00,"AL162016",11.5,-79.3,30,40,1002,20,NA,NA,NA
"TROPICAL STORM","OTTO","3",2016-11-21 18:00:00,"AL162016",11.5,-79.3,45,55,1000,20,360,0,NA
"TROPICAL STORM","OTTO","4",2016-11-21 21:00:00,"AL162016",11.3,-79.2,45,55,1000,20,360,0,NA
"TROPICAL STORM","OTTO","5",2016-11-22 03:00:00,"AL162016",10.9,-79.1,50,60,998,15,180,2,NA
"TROPICAL STORM","OTTO","6",2016-11-22 09:00:00,"AL162016",10.7,-79,50,60,998,20,360,0,NA
"TROPICAL STORM","OTTO","7",2016-11-22 15:00:00,"AL162016",10.4,-79.2,60,75,986,10,360,0,20
"HURRICANE","OTTO","8",2016-11-22 21:00:00,"AL162016",10.5,-79.6,65,80,984,10,275,2,NA
"HURRICANE","OTTO","9",2016-11-23 03:00:00,"AL162016",10.7,-79.8,65,80,988,10,285,3,20
"HURRICANE","OTTO","10",2016-11-23 09:00:00,"AL162016",10.9,-80.4,65,80,988,20,290,4,NA
"TROPICAL STORM","OTTO","11",2016-11-23 15:00:00,"AL162016",11.1,-80.7,60,75,994,15,290,4,NA
"TROPICAL STORM","OTTO","12",2016-11-23 21:00:00,"AL162016",11.2,-81.3,60,75,994,15,280,6,NA
"HURRICANE","OTTO","13",2016-11-24 03:00:00,"AL162016",11.2,-82.2,75,90,981,15,275,8,10
"HURRICANE","OTTO","14",2016-11-24 09:00:00,"AL162016",11.2,-82.9,75,90,981,15,270,7,NA
"HURRICANE","OTTO","15",2016-11-24 15:00:00,"AL162016",11,-83.4,95,115,975,15,270,8,15
"HURRICANE","OTTO","16",2016-11-24 21:00:00,"AL162016",11,-84.3,85,105,979,15,270,10,NA
"TROPICAL STORM","OTTO","17",2016-11-25 03:00:00,"AL162016",10.9,-85.6,60,75,990,15,265,11,20
"TROPICAL STORM","OTTO","18",2016-11-25 09:00:00,"EP222016",10.5,-86.9,50,60,998,40,265,12,NA
"TROPICAL STORM","OTTO","19",2016-11-25 15:00:00,"EP222016",10.3,-88.2,55,65,994,40,265,14,NA
"TROPICAL STORM","OTTO","20",2016-11-25 21:00:00,"EP222016",9.9,-89.3,50,60,996,40,260,14,NA
"TROPICAL STORM","OTTO","21",2016-11-26 03:00:00,"EP222016",9.7,-90.7,50,60,997,30,255,14,NA
"TROPICAL STORM","OTTO","22",2016-11-26 09:00:00,"EP222016",9.2,-92.5,45,55,1000,30,260,16,NA
"TROPICAL STORM","OTTO","23",2016-11-26 15:00:00,"EP222016",9,-94,40,50,1000,30,260,14,NA
"REMNANTS OF","OTTO","24",2016-11-26 21:00:00,"EP222016",8.7,-96,30,40,1008,30,260,14,NA
